filename,width,height,class,xmin,ymin,xmax,ymax
bear832.jpg,500,332,bear,88,190,326,292
bear1292.jpg,500,375,bear,1,83,481,364
bear874.jpg,333,500,bear,1,182,268,336
bear62.jpg,500,286,bear,75,149,201,224
bear62.jpg,500,286,bear,218,142,305,229
bear62.jpg,500,286,bear,309,154,416,242
bear388.jpg,399,500,bear,28,66,399,500
bear550.jpg,216,144,bear,10,9,141,103
bear697.jpg,246,370,bear,26,61,204,338
bear1182.jpg,500,333,bear,122,93,393,248
bear1163.jpg,500,333,bear,83,40,242,288
bear1163.jpg,500,333,bear,287,178,360,277
bear1163.jpg,500,333,bear,332,221,401,287
bear1163.jpg,500,333,bear,358,228,492,284
bear428.jpg,333,500,bear,13,51,311,425
bear1645.jpg,500,375,bear,38,92,364,353
bear1440.jpg,333,500,bear,3,8,324,500
bear630.jpg,500,333,bear,1,1,489,331
bear1595.jpg,333,500,bear,3,1,333,429
bear623.jpg,500,375,bear,151,21,500,354
bear131.jpg,500,375,bear,46,62,366,297
bear321.jpg,500,400,bear,35,68,428,347
bear1496.jpg,500,302,bear,35,137,105,231
bear1496.jpg,500,302,bear,68,178,178,227
bear200.jpg,500,333,bear,278,92,424,209
bear220.jpg,192,125,bear,34,31,86,107
bear220.jpg,192,125,bear,84,13,192,107
bear749.jpg,500,333,bear,52,106,260,275
bear749.jpg,500,333,bear,243,96,462,268
bear432.jpg,500,400,bear,1,1,498,398
bear893.jpg,500,375,bear,58,86,155,164
bear893.jpg,500,375,bear,214,148,387,251
bear1179.jpg,500,333,bear,3,1,497,332
bear793.jpg,500,333,bear,176,140,438,333
bear793.jpg,500,333,bear,38,25,293,236
bear1394.jpg,500,333,bear,122,31,341,282
bear529.jpg,333,500,bear,19,67,235,386
bear529.jpg,333,500,bear,1,112,314,476
bear165.jpg,500,333,bear,201,87,403,266
bear1391.jpg,333,500,bear,55,1,333,476
bear1259.jpg,500,375,bear,48,129,278,288
bear402.jpg,500,375,bear,177,119,357,275
bear277.jpg,500,333,bear,1,153,146,249
bear277.jpg,500,333,bear,424,180,459,211
bear1541.jpg,500,333,bear,263,111,497,227
bear1541.jpg,500,333,bear,91,126,269,211
bear283.jpg,500,401,bear,98,13,479,383
bear1581.jpg,439,330,bear,25,148,437,330
bear172.jpg,500,332,bear,26,21,284,269
bear873.jpg,500,375,bear,90,93,425,367
bear1653.jpg,600,450,bear,134,225,418,423
bear1653.jpg,600,450,bear,314,188,407,250
bear70.jpg,375,500,bear,123,189,220,367
bear483.jpg,500,333,bear,79,21,500,333
bear1631.jpg,399,500,bear,14,119,392,498
bear842.jpg,500,335,bear,55,104,247,317
bear816.jpg,500,375,bear,184,62,411,251
bear267.jpg,500,333,bear,36,87,451,318
bear267.jpg,500,333,bear,137,17,500,273
bear594.jpg,375,500,bear,1,20,342,473
bear594.jpg,375,500,bear,278,406,359,500
bear1016.jpg,500,338,bear,173,204,207,225
bear866.jpg,530,325,bear,259,112,380,194
bear1245.jpg,500,333,bear,88,116,354,278
bear1029.jpg,500,337,bear,1,81,368,313
bear1029.jpg,500,337,bear,218,39,478,138
bear811.jpg,500,281,bear,157,1,500,276
bear745.jpg,500,375,bear,187,171,259,310
bear745.jpg,500,375,bear,194,142,269,229
bear953.jpg,333,500,bear,73,43,332,500
bear1196.jpg,500,375,bear,44,57,369,244
bear657.jpg,500,375,bear,245,53,500,367
bear657.jpg,500,375,bear,1,98,165,369
bear1388.jpg,500,333,bear,5,99,491,333
bear239.jpg,373,500,bear,107,139,242,293
bear298.jpg,500,375,bear,25,1,499,373
bear430.jpg,500,333,bear,83,22,500,319
bear896.jpg,375,500,bear,23,127,374,500
bear130.jpg,700,606,bear,72,92,635,493
bear229.jpg,500,399,bear,50,33,458,384
bear651.jpg,443,295,bear,49,3,376,293
bear985.jpg,200,279,bear,1,9,172,252
bear985.jpg,200,279,bear,24,67,198,274
bear362.jpg,500,333,bear,1,2,381,317
bear608.jpg,500,337,bear,77,1,500,321
bear1586.jpg,120,80,bear,10,4,96,76
bear202.jpg,392,500,bear,44,146,191,447
bear202.jpg,392,500,bear,140,69,293,399
bear202.jpg,392,500,bear,168,274,376,431
bear1597.jpg,500,333,bear,99,1,453,313
bear1187.jpg,300,300,bear,131,15,275,293
bear388.jpg,399,500,bear,28,66,399,500
bear1325.jpg,406,500,bear,45,98,400,326
bear1098.jpg,216,144,bear,1,1,112,114
bear385.jpg,320,480,bear,93,89,171,253
bear385.jpg,320,480,bear,185,186,293,312
bear877.jpg,500,332,bear,121,36,413,291
bear842.jpg,500,335,bear,55,104,247,317
bear168.jpg,500,333,bear,1,86,381,296
bear579.jpg,500,333,bear,89,1,500,332
bear70.jpg,375,500,bear,123,189,220,367
bear208.jpg,500,333,bear,99,34,434,301
bear126.jpg,500,398,bear,1,36,260,304
bear126.jpg,500,398,bear,280,65,500,355
bear1120.jpg,500,333,bear,111,102,363,221
bear1337.jpg,500,334,bear,189,77,391,334
bear797.jpg,500,375,bear,114,65,355,329
bear1347.jpg,333,500,bear,45,71,324,393
bear553.jpg,500,333,bear,1,1,407,281
bear60.jpg,500,333,bear,1,54,329,317
bear60.jpg,500,333,bear,307,55,500,316
bear1192.jpg,293,383,bear,74,45,266,314
bear152.jpg,500,333,bear,34,10,491,333
bear970.jpg,130,86,bear,31,40,95,64
bear251.jpg,500,375,bear,53,76,456,292
bear1621.jpg,500,335,bear,1,89,326,278
bear1192.jpg,293,383,bear,74,45,266,314
bear594.jpg,375,500,bear,1,20,342,473
bear594.jpg,375,500,bear,278,406,359,500
bear572.jpg,500,334,bear,11,65,367,334
bear572.jpg,500,334,bear,382,1,500,219
bear1164.jpg,361,500,bear,5,1,361,486
bear26.jpg,500,336,bear,134,1,374,306
bear1333.jpg,500,333,bear,11,1,397,323
bear1621.jpg,500,335,bear,1,89,326,278
bear1598.jpg,500,375,bear,67,99,333,344
bear378.jpg,448,299,bear,8,18,448,293
bear1404.jpg,500,375,bear,203,81,412,301
bear1222.jpg,500,375,bear,52,1,499,358
bear802.jpg,500,337,bear,63,22,305,319
bear802.jpg,500,337,bear,111,58,500,320
bear614.jpg,500,331,bear,93,10,342,285
bear1215.jpg,500,333,bear,19,25,500,331
bear1022.jpg,250,307,bear,1,14,208,236
bear28.jpg,500,333,bear,1,1,428,308
bear1346.jpg,500,375,bear,1,58,349,373
bear1616.jpg,500,332,bear,293,216,432,293
bear276.jpg,500,375,bear,41,107,246,269
bear276.jpg,500,375,bear,228,134,423,269
bear254.jpg,144,216,bear,1,49,114,145
bear797.jpg,500,375,bear,114,65,355,329
bear907.jpg,500,336,bear,118,106,351,304
bear123.jpg,216,144,bear,1,1,142,106
bear1392.jpg,500,346,bear,35,34,440,342
bear1503.jpg,500,334,bear,26,87,264,280
bear1503.jpg,500,334,bear,230,107,434,320
bear907.jpg,500,336,bear,118,106,351,304
bear1642.jpg,337,500,bear,66,290,319,459
bear1642.jpg,337,500,bear,170,52,255,197
bear815.jpg,422,500,bear,2,45,418,500
bear627.jpg,299,300,bear,17,6,277,285
bear1179.jpg,500,333,bear,3,1,497,332
bear507.jpg,500,375,bear,97,91,290,233
bear507.jpg,500,375,bear,321,245,457,312
bear507.jpg,500,375,bear,376,191,446,302
bear363.jpg,500,333,bear,154,19,500,325
bear363.jpg,500,333,bear,1,117,137,309
bear628.jpg,500,375,bear,1,84,438,260
bear776.jpg,359,500,bear,40,34,353,461
bear966.jpg,200,278,bear,95,26,171,258
bear157.jpg,500,375,bear,128,135,327,331
bear1249.jpg,500,333,bear,12,1,464,333
bear1526.jpg,446,500,bear,50,84,328,415
bear577.jpg,500,364,bear,85,149,491,345
bear447.jpg,333,500,bear,5,79,329,460
bear1024.jpg,375,500,bear,61,126,326,448
bear1098.jpg,216,144,bear,1,1,112,114
bear1271.jpg,500,375,bear,191,103,344,298
bear352.jpg,500,375,bear,41,21,446,368
bear1455.jpg,500,326,bear,217,111,316,233
bear1455.jpg,500,326,bear,204,144,238,224
bear308.jpg,500,375,bear,58,87,325,270
bear1572.jpg,500,332,bear,59,9,300,313
bear595.jpg,500,375,bear,193,145,265,223
bear595.jpg,500,375,bear,180,190,285,301
bear712.jpg,500,333,bear,67,8,465,326
bear1479.jpg,500,333,bear,103,76,362,333
bear1514.jpg,500,333,bear,3,1,497,333
bear1081.jpg,500,375,bear,111,88,367,353
bear545.jpg,500,333,bear,86,81,358,333
bear676.jpg,500,338,bear,163,49,467,244
bear1606.jpg,69,100,bear,13,9,45,57
bear177.jpg,500,281,bear,2,2,450,262
bear292.jpg,500,333,bear,84,20,319,318
bear849.jpg,427,500,bear,91,201,328,332
bear1311.jpg,500,409,bear,22,32,382,384
bear321.jpg,500,400,bear,35,68,428,347
bear1069.jpg,500,375,bear,74,75,395,337
bear395.jpg,500,355,bear,59,54,331,333
bear82.jpg,267,400,bear,14,84,263,329
bear1277.jpg,144,216,bear,1,40,129,185
bear965.jpg,800,600,bear,242,244,385,548
bear965.jpg,800,600,bear,314,40,795,290
bear1135.jpg,500,333,bear,55,203,129,276
bear1135.jpg,500,333,bear,351,211,453,287
bear1135.jpg,500,333,bear,11,80,35,95
bear826.jpg,468,312,bear,38,105,290,293
bear711.jpg,500,374,bear,106,73,314,365
bear200.jpg,500,333,bear,278,92,424,209
bear233.jpg,364,500,bear,9,1,364,493
bear532.jpg,500,333,bear,173,86,304,232
bear1028.jpg,500,375,bear,147,55,420,252
bear933.jpg,500,375,bear,55,58,352,318
bear75.jpg,450,299,bear,1,1,415,266
bear479.jpg,500,400,bear,37,37,470,380
bear1052.jpg,362,500,bear,43,14,336,463
bear1604.jpg,375,500,bear,22,91,363,494
bear627.jpg,299,300,bear,17,6,277,285
bear319.jpg,500,375,bear,190,176,324,256
bear1292.jpg,500,375,bear,1,83,481,364
bear111.jpg,500,333,bear,152,1,426,326
bear111.jpg,500,333,bear,1,112,209,280
bear1488.jpg,500,400,bear,32,24,463,375
bear417.jpg,500,333,bear,85,88,313,250
bear855.jpg,500,333,bear,27,3,500,330
bear588.jpg,375,500,bear,133,194,259,366
bear1559.jpg,500,400,bear,31,19,489,399
bear1362.jpg,500,310,bear,94,106,301,236
bear1124.jpg,333,500,bear,61,69,333,491
bear418.jpg,500,333,bear,1,1,388,282
bear1572.jpg,500,332,bear,59,9,300,313
bear483.jpg,500,333,bear,79,21,500,333
bear1287.jpg,500,333,bear,21,1,498,330
bear121.jpg,333,500,bear,21,6,333,447
bear350.jpg,320,480,bear,145,77,214,175
bear350.jpg,320,480,bear,84,178,170,275
bear614.jpg,500,331,bear,93,10,342,285
bear110.jpg,500,342,bear,37,17,500,341
bear896.jpg,375,500,bear,23,127,374,500
bear152.jpg,500,333,bear,34,10,491,333
bear387.jpg,333,500,bear,11,26,322,429
bear378.jpg,448,299,bear,8,18,448,293
bear31.jpg,500,375,bear,67,10,500,375
bear1400.jpg,500,375,bear,1,85,396,284
bear532.jpg,500,333,bear,173,86,304,232
bear1255.jpg,500,375,bear,52,62,431,347
bear1183.jpg,335,500,bear,17,1,335,494
bear1590.jpg,359,500,bear,35,89,315,459
bear345.jpg,500,333,bear,108,141,290,311
bear345.jpg,500,333,bear,248,63,371,209
bear1583.jpg,500,375,bear,144,111,326,313
bear1298.jpg,392,258,bear,162,23,348,185
bear849.jpg,427,500,bear,91,201,328,332
bear353.jpg,399,500,bear,24,90,370,459
bear261.jpg,400,300,bear,175,5,392,289
bear261.jpg,400,300,bear,1,66,200,287
bear1229.jpg,500,353,bear,151,77,467,353
bear474.jpg,333,500,bear,62,68,333,480
bear273.jpg,500,333,bear,48,20,450,305
bear409.jpg,500,375,bear,1,1,500,347
bear853.jpg,500,375,bear,78,1,315,300
bear59.jpg,500,375,bear,87,110,403,323
bear1174.jpg,140,140,bear,28,42,92,132
bear1157.jpg,500,333,bear,102,5,427,321
bear1400.jpg,500,375,bear,1,85,396,284
bear122.jpg,500,481,bear,83,230,476,471
bear122.jpg,500,481,bear,24,32,298,207
bear122.jpg,500,481,bear,80,122,315,296
bear96.jpg,250,182,bear,19,3,249,181
bear1554.jpg,3791,2567,bear,903,68,3107,1851
bear1554.jpg,3791,2567,bear,624,214,3661,2551
bear204.jpg,468,311,bear,21,65,312,311
bear714.jpg,500,333,bear,66,77,489,268
bear225.jpg,500,333,bear,103,36,358,333
bear167.jpg,500,375,bear,56,72,406,349
bear390.jpg,500,375,bear,50,56,500,375
bear1181.jpg,500,338,bear,41,68,445,312
bear1642.jpg,337,500,bear,66,290,319,459
bear1642.jpg,337,500,bear,170,52,255,197
bear685.jpg,500,238,bear,51,37,470,183
bear724.jpg,216,144,bear,1,1,156,142
bear276.jpg,500,375,bear,41,107,246,269
bear276.jpg,500,375,bear,228,134,423,269
bear832.jpg,500,332,bear,88,190,326,292
bear1188.jpg,333,500,bear,57,80,296,481
bear1604.jpg,375,500,bear,22,91,363,494
bear1551.jpg,500,268,bear,57,34,484,218
bear1664.jpg,500,350,bear,1,20,439,338
bear1465.jpg,500,400,bear,146,14,429,351
bear702.jpg,333,500,bear,13,31,329,451
bear400.jpg,500,375,bear,38,1,500,374
bear153.jpg,500,333,bear,18,1,368,287
bear153.jpg,500,333,bear,379,24,494,245
bear288.jpg,500,375,bear,64,1,499,369
bear842.jpg,500,335,bear,55,104,247,317
bear593.jpg,500,332,bear,160,109,410,240
bear5.jpg,500,375,bear,10,140,449,280
bear273.jpg,500,333,bear,48,20,450,305
bear54.jpg,500,333,bear,263,116,470,263
bear1520.jpg,500,337,bear,71,56,264,296
bear1520.jpg,500,337,bear,119,137,348,335
bear1216.jpg,144,216,bear,22,68,127,181
bear363.jpg,500,333,bear,154,19,500,325
bear363.jpg,500,333,bear,1,117,137,309
bear700.jpg,500,409,bear,36,53,362,353
bear247.jpg,447,500,bear,133,155,282,324
bear169.jpg,500,333,bear,54,38,397,234
bear1051.jpg,468,312,bear,68,28,269,289
bear783.jpg,466,500,bear,16,9,450,443
bear1418.jpg,500,293,bear,16,71,378,293
bear954.jpg,500,375,bear,62,126,405,284
bear251.jpg,500,375,bear,53,76,456,292
bear1511.jpg,432,251,bear,157,103,259,199
bear1511.jpg,432,251,bear,203,134,298,202
bear1511.jpg,432,251,bear,271,132,366,208
bear1511.jpg,432,251,bear,312,135,417,212
bear172.jpg,500,332,bear,26,21,284,269
bear579.jpg,500,333,bear,89,1,500,332
bear866.jpg,530,325,bear,259,112,380,194
bear984.jpg,409,500,bear,111,33,307,393
bear255.jpg,500,375,bear,106,130,425,284
bear1090.jpg,500,333,bear,8,48,489,312
bear302.jpg,500,333,bear,73,16,424,319
bear1288.jpg,500,375,bear,224,127,452,307
bear886.jpg,500,375,bear,86,79,379,288
bear1392.jpg,500,346,bear,35,34,440,342
bear158.jpg,500,333,bear,200,57,289,136
bear158.jpg,500,333,bear,11,127,288,333
bear471.jpg,278,296,bear,1,57,240,294
bear1605.jpg,500,333,bear,42,104,391,266
bear1306.jpg,468,312,bear,1,20,415,308
bear203.jpg,480,360,bear,120,64,404,340
bear62.jpg,500,286,bear,75,149,201,224
bear62.jpg,500,286,bear,218,142,305,229
bear62.jpg,500,286,bear,309,154,416,242
bear345.jpg,500,333,bear,108,141,290,311
bear345.jpg,500,333,bear,248,63,371,209
bear561.jpg,500,333,bear,117,16,495,331
bear145.jpg,375,500,bear,130,54,375,459
bear441.jpg,500,333,bear,71,1,500,328
bear438.jpg,500,375,bear,44,138,476,351
bear554.jpg,401,500,bear,63,1,401,494
bear1446.jpg,500,375,bear,32,113,488,347
bear113.jpg,640,436,bear,30,29,586,436
bear113.jpg,640,436,bear,208,276,456,430
bear1044.jpg,500,333,bear,1,25,434,295
bear931.jpg,500,333,bear,79,153,147,229
bear931.jpg,500,333,bear,326,156,410,224
bear977.jpg,216,144,bear,16,22,181,128
bear996.jpg,500,375,bear,167,114,459,373
bear936.jpg,500,333,bear,86,6,468,333
bear262.jpg,500,333,bear,158,13,454,258
bear1263.jpg,334,500,bear,42,6,291,493
bear495.jpg,333,500,bear,83,155,284,451
bear1416.jpg,500,341,bear,186,116,403,231
bear458.jpg,500,401,bear,29,1,500,384
bear1264.jpg,333,500,bear,41,25,326,494
bear1117.jpg,500,332,bear,1,4,398,330
bear267.jpg,500,333,bear,36,87,451,318
bear267.jpg,500,333,bear,137,17,500,273
bear551.jpg,500,375,bear,1,1,373,268
bear486.jpg,500,329,bear,178,85,242,128
bear486.jpg,500,329,bear,215,166,245,190
bear486.jpg,500,329,bear,255,157,282,181
bear486.jpg,500,329,bear,320,117,341,146
bear1405.jpg,500,333,bear,1,38,493,328
bear170.jpg,900,600,bear,235,93,683,398
bear1495.jpg,333,500,bear,16,27,314,459
bear60.jpg,500,333,bear,1,54,329,317
bear60.jpg,500,333,bear,307,55,500,316
bear418.jpg,500,333,bear,1,1,388,282
bear807.jpg,500,375,bear,43,1,500,371
bear1280.jpg,500,375,bear,42,42,500,373
bear658.jpg,500,333,bear,66,117,238,242
bear658.jpg,500,333,bear,230,102,369,208
bear658.jpg,500,333,bear,342,57,500,248
bear1394.jpg,500,333,bear,122,31,341,282
bear1635.jpg,375,500,bear,1,32,313,498
bear1268.jpg,500,333,bear,191,80,465,278
bear745.jpg,500,375,bear,187,171,259,310
bear745.jpg,500,375,bear,194,142,269,229
bear1141.jpg,500,331,bear,1,29,276,329
bear1141.jpg,500,331,bear,222,3,498,301
bear1648.jpg,500,375,bear,1,113,306,307
bear1440.jpg,333,500,bear,3,8,324,500
bear1650.jpg,400,500,bear,7,31,400,495
bear909.jpg,333,500,bear,59,78,284,478
bear388.jpg,399,500,bear,28,66,399,500
bear485.jpg,400,500,bear,17,43,380,462
bear129.jpg,500,375,bear,127,61,358,335
bear635.jpg,216,144,bear,24,42,118,119
bear749.jpg,500,333,bear,52,106,260,275
bear749.jpg,500,333,bear,243,96,462,268
bear162.jpg,500,375,bear,17,25,326,364
bear162.jpg,500,375,bear,331,131,453,232
bear162.jpg,500,375,bear,381,13,486,124
bear162.jpg,500,375,bear,400,253,486,339
bear1656.jpg,425,319,bear,125,36,410,212
bear1120.jpg,500,333,bear,111,102,363,221
bear1124.jpg,333,500,bear,61,69,333,491
bear1424.jpg,500,399,bear,59,8,499,396
bear1252.jpg,109,148,bear,1,1,78,145
bear1252.jpg,109,148,bear,53,27,109,130
bear147.jpg,500,333,bear,54,118,164,183
bear176.jpg,500,375,bear,131,119,327,257
bear352.jpg,500,375,bear,41,21,446,368
bear743.jpg,333,500,bear,1,1,326,495
bear1161.jpg,252,319,bear,9,5,252,316
bear908.jpg,500,333,bear,1,11,231,316
bear908.jpg,500,333,bear,217,68,499,333
bear630.jpg,500,333,bear,1,1,489,331
bear486.jpg,500,329,bear,178,85,242,128
bear486.jpg,500,329,bear,215,166,245,190
bear486.jpg,500,329,bear,255,157,282,181
bear486.jpg,500,329,bear,320,117,341,146
bear321.jpg,500,400,bear,35,68,428,347
bear202.jpg,392,500,bear,44,146,191,447
bear202.jpg,392,500,bear,140,69,293,399
bear202.jpg,392,500,bear,168,274,376,431
bear411.jpg,500,338,bear,119,96,336,274
bear515.jpg,500,375,bear,1,53,377,373
bear510.jpg,500,399,bear,48,75,499,398
bear1658.jpg,800,600,bear,45,63,621,508
bear1340.jpg,500,375,bear,1,35,353,365
bear422.jpg,500,375,bear,172,85,500,328
bear623.jpg,500,375,bear,151,21,500,354
bear775.jpg,500,333,bear,1,1,437,331
bear1443.jpg,400,300,bear,135,64,400,253
bear965.jpg,800,600,bear,242,244,385,548
bear965.jpg,800,600,bear,314,40,795,290
bear1211.jpg,500,375,bear,121,44,357,178
bear67.jpg,375,500,bear,10,87,365,288
bear996.jpg,500,375,bear,167,114,459,373
bear157.jpg,500,375,bear,128,135,327,331
bear409.jpg,500,375,bear,1,1,500,347
bear372.jpg,500,334,bear,51,14,448,313
bear422.jpg,500,375,bear,172,85,500,328
bear970.jpg,130,86,bear,31,40,95,64
bear31.jpg,500,375,bear,67,10,500,375
bear449.jpg,375,500,bear,17,113,374,499
bear1520.jpg,500,337,bear,71,56,264,296
bear1520.jpg,500,337,bear,119,137,348,335
bear1660.jpg,591,426,bear,43,14,545,417
bear82.jpg,267,400,bear,14,84,263,329
bear708.jpg,379,500,bear,11,21,368,480
bear614.jpg,500,331,bear,93,10,342,285
bear295.jpg,500,408,bear,11,66,472,400
bear60.jpg,500,333,bear,1,54,329,317
bear60.jpg,500,333,bear,307,55,500,316
bear1050.jpg,333,500,bear,52,99,216,438
bear1387.jpg,500,335,bear,183,72,405,257
bear1387.jpg,500,335,bear,183,126,270,237
bear232.jpg,500,375,bear,1,45,465,338
bear1461.jpg,500,213,bear,24,57,222,203
bear1461.jpg,500,213,bear,133,49,367,201
bear1461.jpg,500,213,bear,318,40,487,180
bear394.jpg,500,375,bear,180,97,500,326
bear1637.jpg,333,500,bear,55,32,290,432
bear478.jpg,500,400,bear,40,1,500,394
bear1194.jpg,500,333,bear,47,32,368,321
bear141.jpg,443,500,bear,1,33,391,465
bear474.jpg,333,500,bear,62,68,333,480
bear598.jpg,500,333,bear,136,98,371,273
bear32.jpg,500,333,bear,93,54,317,306
bear672.jpg,500,401,bear,70,16,500,401
bear539.jpg,500,377,bear,1,1,350,268
bear957.jpg,333,500,bear,1,20,290,500
bear546.jpg,500,375,bear,194,128,433,319
bear1435.jpg,500,336,bear,77,9,365,316
bear144.jpg,500,333,bear,114,23,462,333
bear1643.jpg,500,375,bear,118,98,296,299
bear624.jpg,500,333,bear,89,4,411,246
bear630.jpg,500,333,bear,1,1,489,331
bear996.jpg,500,375,bear,167,114,459,373
bear1182.jpg,500,333,bear,122,93,393,248
bear688.jpg,500,333,bear,135,128,301,324
bear688.jpg,500,333,bear,218,84,467,328
bear136.jpg,216,144,bear,14,74,106,128
bear136.jpg,216,144,bear,80,13,130,44
bear256.jpg,500,332,bear,199,123,285,193
bear483.jpg,500,333,bear,79,21,500,333
bear692.jpg,500,375,bear,1,1,211,375
bear632.jpg,470,324,bear,206,111,389,295
bear632.jpg,470,324,bear,52,104,267,315
bear1000.jpg,334,500,bear,45,14,334,484
bear184.jpg,500,375,bear,123,46,420,350
bear1158.jpg,124,100,bear,1,18,96,99
bear87.jpg,459,500,bear,64,36,459,500
bear1202.jpg,144,216,bear,1,7,139,199
bear1050.jpg,333,500,bear,52,99,216,438
bear395.jpg,500,355,bear,59,54,331,333
bear833.jpg,140,140,bear,64,62,86,101
bear1469.jpg,500,333,bear,194,129,274,206
bear1156.jpg,500,333,bear,23,72,476,255
bear1271.jpg,500,375,bear,191,103,344,298
bear1637.jpg,333,500,bear,55,32,290,432
bear1368.jpg,144,216,bear,1,17,86,137
bear1246.jpg,500,333,bear,120,106,283,257
bear1655.jpg,640,480,bear,49,33,373,436
bear1655.jpg,640,480,bear,307,162,621,452
bear1655.jpg,640,480,bear,265,112,444,413
bear1003.jpg,445,500,bear,16,20,439,499
bear497.jpg,500,333,bear,1,17,307,330
bear580.jpg,260,158,bear,60,29,202,132
bear1410.jpg,427,500,bear,1,1,425,500
bear169.jpg,500,333,bear,54,38,397,234
bear354.jpg,500,416,bear,217,20,475,298
bear879.jpg,400,500,bear,14,9,375,483
bear823.jpg,500,333,bear,38,16,497,326
bear664.jpg,334,500,bear,30,69,137,182
bear664.jpg,334,500,bear,220,68,295,227
bear664.jpg,334,500,bear,211,335,286,433
bear664.jpg,334,500,bear,53,339,128,428
bear122.jpg,500,481,bear,83,230,476,471
bear122.jpg,500,481,bear,24,32,298,207
bear122.jpg,500,481,bear,80,122,315,296
bear795.jpg,216,144,bear,66,22,109,114
bear795.jpg,216,144,bear,92,21,132,113
bear535.jpg,246,370,bear,43,106,212,345
bear7.jpg,500,375,bear,145,39,495,367
bear52.jpg,500,375,bear,153,119,337,301
bear34.jpg,500,375,bear,1,16,330,346
bear734.jpg,500,336,bear,242,172,500,297
bear734.jpg,500,336,bear,70,211,318,292
bear1500.jpg,500,326,bear,263,78,470,250
bear1500.jpg,500,326,bear,2,93,260,289
bear1500.jpg,500,326,bear,1,39,127,213
bear1410.jpg,427,500,bear,1,1,425,500
bear158.jpg,500,333,bear,200,57,289,136
bear158.jpg,500,333,bear,11,127,288,333
bear733.jpg,364,500,bear,12,25,364,464
bear733.jpg,364,500,bear,1,33,223,414
bear854.jpg,500,305,bear,196,145,290,206
bear1491.jpg,500,333,bear,42,71,413,305
bear1081.jpg,500,375,bear,111,88,367,353
bear310.jpg,250,188,bear,1,17,237,183
bear656.jpg,500,333,bear,79,36,438,325
bear1199.jpg,373,500,bear,68,31,349,455
bear836.jpg,500,333,bear,103,33,466,305
bear487.jpg,120,81,bear,46,19,88,56
bear1034.jpg,401,500,bear,8,9,348,484
bear1429.jpg,500,337,bear,136,98,476,314
bear688.jpg,500,333,bear,135,128,301,324
bear688.jpg,500,333,bear,218,84,467,328
bear978.jpg,500,333,bear,210,94,435,199
bear1092.jpg,500,333,bear,284,187,387,267
bear1092.jpg,500,333,bear,320,164,368,272
bear617.jpg,500,333,bear,101,3,391,324
bear1594.jpg,120,96,bear,3,16,62,79
bear1594.jpg,120,96,bear,32,18,118,91
bear1231.jpg,500,367,bear,4,1,438,354
bear651.jpg,443,295,bear,49,3,376,293
bear39.jpg,500,333,bear,115,31,273,275
bear917.jpg,412,288,bear,94,101,305,222
bear1226.jpg,500,333,bear,96,17,500,332
bear172.jpg,500,332,bear,26,21,284,269
bear984.jpg,409,500,bear,111,33,307,393
bear1322.jpg,500,400,bear,11,124,497,344
bear112.jpg,500,500,bear,32,1,496,488
bear938.jpg,500,333,bear,124,24,349,329
bear811.jpg,500,281,bear,157,1,500,276
bear743.jpg,333,500,bear,1,1,326,495
bear1500.jpg,500,326,bear,263,78,470,250
bear1500.jpg,500,326,bear,2,93,260,289
bear1500.jpg,500,326,bear,1,39,127,213
bear1276.jpg,500,375,bear,1,41,300,353
bear102.jpg,500,375,bear,181,145,286,283
bear1064.jpg,500,281,bear,45,3,498,281
bear1156.jpg,500,333,bear,23,72,476,255
bear416.jpg,500,333,bear,36,58,453,331
bear1467.jpg,468,312,bear,1,5,466,307
bear1218.jpg,150,193,bear,6,10,140,185
bear426.jpg,624,416,bear,189,159,374,252
bear426.jpg,624,416,bear,321,180,405,257
bear674.jpg,500,339,bear,3,1,500,336
bear1423.jpg,500,334,bear,132,101,300,291
bear473.jpg,246,314,bear,1,1,245,307
bear1513.jpg,500,333,bear,136,21,440,303
bear486.jpg,500,329,bear,178,85,242,128
bear486.jpg,500,329,bear,215,166,245,190
bear486.jpg,500,329,bear,255,157,282,181
bear486.jpg,500,329,bear,320,117,341,146
bear778.jpg,500,357,bear,137,93,345,333
bear1185.jpg,500,333,bear,1,42,348,281
bear540.jpg,144,216,bear,7,27,81,162
bear540.jpg,144,216,bear,37,45,144,201
bear1425.jpg,374,500,bear,69,89,310,500
bear775.jpg,500,333,bear,1,1,437,331
bear1265.jpg,375,500,bear,56,117,309,467
bear250.jpg,500,375,bear,141,160,382,291
bear134.jpg,500,334,bear,214,30,500,323
bear1459.jpg,500,375,bear,122,119,344,300
bear927.jpg,144,216,bear,1,1,141,214
bear1211.jpg,500,375,bear,121,44,357,178
bear348.jpg,500,333,bear,61,82,474,206
bear1341.jpg,500,375,bear,157,123,400,303
bear583.jpg,500,333,bear,1,15,421,333
bear245.jpg,500,481,bear,84,223,478,469
bear245.jpg,500,481,bear,79,119,316,293
bear245.jpg,500,481,bear,26,27,290,203
bear1298.jpg,392,258,bear,162,23,348,185
bear884.jpg,500,375,bear,102,1,499,375
bear702.jpg,333,500,bear,13,31,329,451
bear1636.jpg,120,81,bear,18,6,107,77
bear1014.jpg,333,500,bear,32,31,333,491
bear337.jpg,500,375,bear,94,63,500,271
bear816.jpg,500,375,bear,184,62,411,251
bear651.jpg,443,295,bear,49,3,376,293
bear61.jpg,468,312,bear,35,78,328,302
bear1637.jpg,333,500,bear,55,32,290,432
bear811.jpg,500,281,bear,157,1,500,276
bear57.jpg,500,329,bear,1,2,321,328
bear57.jpg,500,329,bear,117,1,497,325
bear1680.jpg,598,398,bear,76,34,560,384
bear1245.jpg,500,333,bear,88,116,354,278
bear7.jpg,500,375,bear,145,39,495,367
bear94.jpg,500,375,bear,76,56,349,355
bear979.jpg,500,376,bear,118,86,405,290
bear301.jpg,120,79,bear,46,25,66,75
bear1467.jpg,468,312,bear,1,5,466,307
bear546.jpg,500,375,bear,194,128,433,319
bear220.jpg,192,125,bear,34,31,86,107
bear220.jpg,192,125,bear,84,13,192,107
bear1218.jpg,150,193,bear,6,10,140,185
bear9.jpg,216,144,bear,103,68,178,115
bear9.jpg,216,144,bear,59,51,132,113
bear185.jpg,216,144,bear,36,11,216,135
bear463.jpg,500,333,bear,1,135,485,330
bear463.jpg,500,333,bear,1,135,485,330
bear1302.jpg,648,434,bear,13,178,219,315
bear1302.jpg,648,434,bear,242,49,378,227
bear1302.jpg,648,434,bear,421,269,583,416
bear1325.jpg,406,500,bear,45,98,400,326
bear1202.jpg,144,216,bear,1,7,139,199
bear1168.jpg,500,336,bear,147,123,485,194
bear1148.jpg,800,600,bear,238,244,574,505
bear579.jpg,500,333,bear,89,1,500,332
bear230.jpg,500,333,bear,28,11,500,325
bear1536.jpg,500,410,bear,52,37,474,386
bear1315.jpg,246,370,bear,1,3,202,370
bear1144.jpg,500,333,bear,11,29,434,333
bear1116.jpg,500,333,bear,157,186,235,234
bear1116.jpg,500,333,bear,300,204,340,229
bear1116.jpg,500,333,bear,333,204,368,224
bear1116.jpg,500,333,bear,389,204,429,227
bear409.jpg,500,375,bear,1,1,500,347
bear430.jpg,500,333,bear,83,22,500,319
bear318.jpg,333,500,bear,38,98,305,463
bear1304.jpg,333,500,bear,1,1,328,496
bear783.jpg,466,500,bear,16,9,450,443
bear1337.jpg,500,334,bear,189,77,391,334
bear1146.jpg,500,333,bear,45,90,420,212
bear833.jpg,140,140,bear,64,62,86,101
bear1264.jpg,333,500,bear,41,25,326,494
bear1512.jpg,500,375,bear,1,1,488,375
bear721.jpg,500,333,bear,46,21,499,333
bear999.jpg,500,400,bear,87,25,500,383
bear78.jpg,500,423,bear,91,58,373,388
bear1301.jpg,216,144,bear,1,1,208,142
bear1143.jpg,500,465,bear,1,17,422,455
bear1366.jpg,500,424,bear,75,89,336,376
bear1033.jpg,331,500,bear,6,86,329,446
bear574.jpg,81,120,bear,12,19,62,112
bear825.jpg,500,333,bear,39,23,482,313
bear1085.jpg,500,375,bear,139,162,334,318
bear1085.jpg,500,375,bear,151,83,302,194
bear651.jpg,443,295,bear,49,3,376,293
bear461.jpg,500,375,bear,81,94,370,325
bear781.jpg,500,333,bear,1,2,497,321
bear657.jpg,500,375,bear,245,53,500,367
bear657.jpg,500,375,bear,1,98,165,369
bear1449.jpg,398,500,bear,1,36,380,499
bear1182.jpg,500,333,bear,122,93,393,248
bear1475.jpg,500,333,bear,26,89,412,274
bear571.jpg,500,333,bear,31,8,324,319
bear128.jpg,333,500,bear,1,71,299,470
bear1192.jpg,293,383,bear,74,45,266,314
bear1345.jpg,500,333,bear,38,35,366,323
bear642.jpg,354,251,bear,3,1,350,236
bear1058.jpg,333,500,bear,6,93,287,500
bear1363.jpg,500,500,bear,59,177,316,393
bear1363.jpg,500,500,bear,211,188,407,361
bear1087.jpg,500,333,bear,95,9,326,287
bear1306.jpg,468,312,bear,1,20,415,308
bear844.jpg,500,357,bear,1,1,334,353
bear1441.jpg,468,311,bear,59,118,232,268
bear1459.jpg,500,375,bear,122,119,344,300
bear661.jpg,216,144,bear,33,14,198,137
bear1073.jpg,468,312,bear,78,69,209,276
bear491.jpg,500,500,bear,73,17,500,500
bear1443.jpg,400,300,bear,135,64,400,253
bear104.jpg,800,450,bear,41,21,580,442
bear296.jpg,500,333,bear,63,5,456,333
bear1241.jpg,375,500,bear,101,251,229,371
bear1488.jpg,500,400,bear,32,24,463,375
bear1179.jpg,500,333,bear,3,1,497,332
bear954.jpg,500,375,bear,62,126,405,284
bear1513.jpg,500,333,bear,136,21,440,303
bear488.jpg,250,265,bear,18,11,224,250
bear108.jpg,500,600,bear,16,1,357,462
bear907.jpg,500,336,bear,118,106,351,304
bear718.jpg,333,500,bear,18,47,326,500
bear423.jpg,500,500,bear,55,1,500,483
bear653.jpg,500,333,bear,99,37,301,245
bear489.jpg,500,333,bear,183,68,323,266
bear1233.jpg,333,500,bear,1,64,294,486
bear1120.jpg,500,333,bear,111,102,363,221
bear670.jpg,500,375,bear,237,104,434,278
bear670.jpg,500,375,bear,50,1,299,363
bear510.jpg,500,399,bear,48,75,499,398
bear142.jpg,500,333,bear,2,1,357,228
bear503.jpg,500,336,bear,65,1,500,336
bear1344.jpg,500,333,bear,99,81,276,293
bear1344.jpg,500,333,bear,184,184,397,300
bear1641.jpg,500,375,bear,34,65,212,353
bear837.jpg,500,333,bear,98,40,401,333
bear929.jpg,500,333,bear,123,18,465,309
bear773.jpg,375,500,bear,1,1,375,492
bear1168.jpg,500,336,bear,147,123,485,194
bear1328.jpg,800,600,bear,24,102,751,564
bear950.jpg,495,500,bear,128,37,394,466
bear950.jpg,495,500,bear,71,389,340,500
bear1479.jpg,500,333,bear,103,76,362,333
bear1503.jpg,500,334,bear,26,87,264,280
bear1503.jpg,500,334,bear,230,107,434,320
bear876.jpg,500,333,bear,148,46,370,318
bear981.jpg,500,333,bear,174,88,299,224
bear1520.jpg,500,337,bear,71,56,264,296
bear1520.jpg,500,337,bear,119,137,348,335
bear918.jpg,500,375,bear,76,85,470,303
bear177.jpg,500,281,bear,2,2,450,262
bear906.jpg,500,375,bear,99,117,429,369
bear1249.jpg,500,333,bear,12,1,464,333
bear1088.jpg,500,353,bear,200,19,434,291
bear382.jpg,333,500,bear,2,3,333,486
bear1027.jpg,500,333,bear,114,57,400,333
bear1130.jpg,500,333,bear,81,12,466,333
bear836.jpg,500,333,bear,103,33,466,305
bear1036.jpg,500,447,bear,10,19,497,426
bear1046.jpg,500,333,bear,224,73,323,148
bear1046.jpg,500,333,bear,45,137,307,333
bear1231.jpg,500,367,bear,4,1,438,354
bear56.jpg,500,333,bear,82,252,119,279
bear56.jpg,500,333,bear,305,229,417,283
bear218.jpg,500,390,bear,163,138,320,265
bear608.jpg,500,337,bear,77,1,500,321
bear804.jpg,500,468,bear,113,60,408,377
bear489.jpg,500,333,bear,183,68,323,266
bear584.jpg,500,333,bear,91,63,324,293
bear367.jpg,500,392,bear,89,97,315,390
bear1152.jpg,500,333,bear,14,2,480,333
bear431.jpg,500,333,bear,136,47,275,255
bear513.jpg,375,500,bear,20,12,375,436
bear1583.jpg,500,375,bear,144,111,326,313
bear583.jpg,500,333,bear,1,15,421,333
bear35.jpg,500,281,bear,126,46,345,281
bear1196.jpg,500,375,bear,44,57,369,244
bear33.jpg,500,375,bear,121,64,430,303
bear184.jpg,500,375,bear,123,46,420,350
bear651.jpg,443,295,bear,49,3,376,293
bear759.jpg,468,311,bear,315,223,414,287
bear617.jpg,500,333,bear,101,3,391,324
bear177.jpg,500,281,bear,2,2,450,262
bear692.jpg,500,375,bear,1,1,211,375
bear472.jpg,500,375,bear,21,225,280,338
bear472.jpg,500,375,bear,274,42,500,262
bear1098.jpg,216,144,bear,1,1,112,114
bear862.jpg,362,450,bear,80,252,205,418
bear862.jpg,362,450,bear,166,232,294,415
bear862.jpg,362,450,bear,50,72,362,426
bear558.jpg,500,484,bear,2,1,498,478
bear180.jpg,333,500,bear,11,43,307,467
bear470.jpg,333,500,bear,1,1,333,473
bear1550.jpg,500,375,bear,47,20,500,373
bear554.jpg,401,500,bear,63,1,401,494
bear449.jpg,375,500,bear,17,113,374,499
bear1613.jpg,500,333,bear,153,60,500,333
bear574.jpg,81,120,bear,12,19,62,112
bear419.jpg,500,400,bear,65,1,500,316
bear345.jpg,500,333,bear,108,141,290,311
bear345.jpg,500,333,bear,248,63,371,209
bear206.jpg,500,375,bear,114,84,389,284
bear1543.jpg,333,500,bear,1,75,281,481
bear1225.jpg,500,375,bear,1,78,318,375
bear127.jpg,500,375,bear,86,86,331,286
bear1344.jpg,500,333,bear,99,81,276,293
bear1344.jpg,500,333,bear,184,184,397,300
bear183.jpg,500,333,bear,2,18,500,331
bear1567.jpg,135,95,bear,22,10,128,89
bear9.jpg,216,144,bear,103,68,178,115
bear9.jpg,216,144,bear,59,51,132,113
bear478.jpg,500,400,bear,40,1,500,394
bear780.jpg,500,378,bear,214,24,500,308
bear841.jpg,418,500,bear,19,31,380,470
bear1121.jpg,500,333,bear,147,145,292,246
bear783.jpg,466,500,bear,16,9,450,443
bear1112.jpg,500,332,bear,74,35,335,306
bear833.jpg,140,140,bear,64,62,86,101
bear624.jpg,500,333,bear,89,4,411,246
bear102.jpg,500,375,bear,181,145,286,283
bear711.jpg,500,374,bear,106,73,314,365
bear1600.jpg,500,333,bear,34,46,488,300
bear1625.jpg,640,480,bear,76,146,321,368
bear954.jpg,500,375,bear,62,126,405,284
bear134.jpg,500,334,bear,214,30,500,323
bear1205.jpg,427,500,bear,33,50,427,493
bear1437.jpg,500,378,bear,265,106,462,274
bear1160.jpg,500,333,bear,18,88,325,253
bear1295.jpg,333,500,bear,65,53,279,378
bear1295.jpg,333,500,bear,6,174,84,293
bear1295.jpg,333,500,bear,37,339,112,452
bear1295.jpg,333,500,bear,195,362,300,484
bear1295.jpg,333,500,bear,251,214,330,337
bear1295.jpg,333,500,bear,257,20,318,108
bear1295.jpg,333,500,bear,20,6,98,72
bear1038.jpg,500,340,bear,108,93,463,291
bear326.jpg,500,333,bear,39,24,482,317
bear1003.jpg,445,500,bear,16,20,439,499
bear931.jpg,500,333,bear,79,153,147,229
bear931.jpg,500,333,bear,326,156,410,224
bear850.jpg,500,333,bear,146,13,500,323
bear998.jpg,500,375,bear,133,93,500,269
bear507.jpg,500,375,bear,97,91,290,233
bear507.jpg,500,375,bear,321,245,457,312
bear507.jpg,500,375,bear,376,191,446,302
bear660.jpg,500,409,bear,85,36,476,389
bear381.jpg,500,379,bear,1,1,431,366
bear783.jpg,466,500,bear,16,9,450,443
bear1463.jpg,500,333,bear,35,81,468,237
bear1226.jpg,500,333,bear,96,17,500,332
bear172.jpg,500,332,bear,26,21,284,269
bear352.jpg,500,375,bear,41,21,446,368
bear412.jpg,120,78,bear,25,33,64,61
bear452.jpg,500,334,bear,170,48,340,311
bear1503.jpg,500,334,bear,26,87,264,280
bear1503.jpg,500,334,bear,230,107,434,320
bear1675.jpg,500,375,bear,172,56,446,370
bear35.jpg,500,281,bear,126,46,345,281
bear1217.jpg,500,333,bear,2,5,449,333
bear407.jpg,333,500,bear,20,15,333,483
bear966.jpg,200,278,bear,95,26,171,258
bear1484.jpg,500,333,bear,47,111,346,333
bear1098.jpg,216,144,bear,1,1,112,114
bear1648.jpg,500,375,bear,1,113,306,307
bear1191.jpg,500,378,bear,21,92,500,343
bear112.jpg,500,500,bear,32,1,496,488
bear437.jpg,800,600,bear,224,325,398,531
bear437.jpg,800,600,bear,94,248,566,535
bear419.jpg,500,400,bear,65,1,500,316
bear288.jpg,500,375,bear,64,1,499,369
bear866.jpg,530,325,bear,259,112,380,194
bear1106.jpg,500,334,bear,74,24,484,297
bear870.jpg,500,333,bear,104,44,333,175
bear856.jpg,144,216,bear,11,36,130,174
bear1029.jpg,500,337,bear,1,81,368,313
bear1029.jpg,500,337,bear,218,39,478,138
bear1512.jpg,500,375,bear,1,1,488,375
bear207.jpg,500,400,bear,251,52,500,398
bear207.jpg,500,400,bear,1,138,310,398
bear25.jpg,500,375,bear,153,117,330,266
bear464.jpg,500,333,bear,53,66,488,215
bear798.jpg,400,500,bear,14,51,400,489
bear965.jpg,800,600,bear,242,244,385,548
bear965.jpg,800,600,bear,314,40,795,290
bear1560.jpg,419,500,bear,200,53,397,466
bear1191.jpg,500,378,bear,21,92,500,343
bear1268.jpg,500,333,bear,191,80,465,278
bear1593.jpg,500,333,bear,246,113,358,286
bear79.jpg,500,336,bear,1,1,435,334
bear59.jpg,500,375,bear,87,110,403,323
bear510.jpg,500,399,bear,48,75,499,398
bear1147.jpg,500,333,bear,198,60,398,199
bear625.jpg,500,333,bear,83,26,349,308
bear310.jpg,250,188,bear,1,17,237,183
bear985.jpg,200,279,bear,1,9,172,252
bear985.jpg,200,279,bear,24,67,198,274
bear1609.jpg,500,333,bear,1,27,325,276
bear202.jpg,392,500,bear,44,146,191,447
bear202.jpg,392,500,bear,140,69,293,399
bear202.jpg,392,500,bear,168,274,376,431
bear652.jpg,500,375,bear,96,103,288,295
bear627.jpg,299,300,bear,17,6,277,285
bear1560.jpg,419,500,bear,200,53,397,466
bear432.jpg,500,400,bear,1,1,498,398
bear1405.jpg,500,333,bear,1,38,493,328
bear10.jpg,398,500,bear,23,7,383,500
bear1265.jpg,375,500,bear,56,117,309,467
bear1319.jpg,500,333,bear,103,1,500,327
bear1093.jpg,500,333,bear,235,46,328,129
bear1093.jpg,500,333,bear,49,120,291,333
bear1382.jpg,500,375,bear,24,70,500,342
bear1580.jpg,525,768,bear,1,156,513,758
bear879.jpg,400,500,bear,14,9,375,483
bear530.jpg,500,375,bear,83,93,372,337
bear189.jpg,500,333,bear,50,92,439,283
bear1653.jpg,600,450,bear,134,225,418,423
bear1653.jpg,600,450,bear,314,188,407,250
bear203.jpg,480,360,bear,120,64,404,340
bear664.jpg,334,500,bear,30,69,137,182
bear664.jpg,334,500,bear,220,68,295,227
bear664.jpg,334,500,bear,211,335,286,433
bear664.jpg,334,500,bear,53,339,128,428
bear767.jpg,500,334,bear,281,184,386,302
bear572.jpg,500,334,bear,11,65,367,334
bear572.jpg,500,334,bear,382,1,500,219
bear367.jpg,500,392,bear,89,97,315,390
bear1399.jpg,500,334,bear,95,21,500,330
bear544.jpg,500,333,bear,4,43,246,328
bear544.jpg,500,333,bear,270,36,477,319
bear249.jpg,500,400,bear,1,42,388,371
bear816.jpg,500,375,bear,184,62,411,251
bear7.jpg,500,375,bear,145,39,495,367
bear825.jpg,500,333,bear,39,23,482,313
bear1661.jpg,600,545,bear,6,26,500,341
bear1661.jpg,600,545,bear,202,175,591,519
bear1483.jpg,156,230,bear,1,1,147,222
bear36.jpg,500,400,bear,189,284,302,377
bear36.jpg,500,400,bear,350,281,474,375
bear36.jpg,500,400,bear,411,167,500,249
bear36.jpg,500,400,bear,354,23,447,85
bear36.jpg,500,400,bear,169,29,275,88
bear36.jpg,500,400,bear,7,24,95,87
bear36.jpg,500,400,bear,8,151,119,227
bear36.jpg,500,400,bear,185,164,275,227
bear36.jpg,500,400,bear,41,282,118,382
bear956.jpg,500,357,bear,208,80,382,259
bear1013.jpg,467,312,bear,239,106,404,293
bear860.jpg,403,500,bear,1,35,402,500
bear604.jpg,357,500,bear,6,52,349,500
bear394.jpg,500,375,bear,180,97,500,326
bear965.jpg,800,600,bear,242,244,385,548
bear965.jpg,800,600,bear,314,40,795,290
bear833.jpg,140,140,bear,64,62,86,101
bear1484.jpg,500,333,bear,47,111,346,333
bear1403.jpg,500,236,bear,1,95,234,228
bear543.jpg,500,375,bear,149,109,419,318
bear1001.jpg,500,335,bear,64,95,479,335
bear1588.jpg,500,333,bear,58,22,383,317
bear887.jpg,500,375,bear,8,63,423,309
bear825.jpg,500,333,bear,39,23,482,313
bear1603.jpg,500,375,bear,134,1,327,364
bear1003.jpg,445,500,bear,16,20,439,499
bear1399.jpg,500,334,bear,95,21,500,330
bear998.jpg,500,375,bear,133,93,500,269
bear667.jpg,800,600,bear,1,211,358,548
bear667.jpg,800,600,bear,313,9,797,549
bear1584.jpg,500,333,bear,22,20,455,321
bear554.jpg,401,500,bear,63,1,401,494
bear1372.jpg,500,333,bear,45,22,457,316
bear1582.jpg,500,378,bear,156,221,340,365
bear1582.jpg,500,378,bear,203,7,440,258
bear1603.jpg,500,375,bear,134,1,327,364
bear1567.jpg,135,95,bear,22,10,128,89
bear854.jpg,500,305,bear,196,145,290,206
bear381.jpg,500,379,bear,1,1,431,366
bear699.jpg,500,398,bear,62,9,480,390
bear1426.jpg,500,333,bear,4,100,349,317
bear1426.jpg,500,333,bear,180,108,446,253
bear82.jpg,267,400,bear,14,84,263,329
bear750.jpg,500,333,bear,79,12,358,299
bear1294.jpg,500,293,bear,105,140,257,221
bear1294.jpg,500,293,bear,247,129,375,239
bear1257.jpg,500,400,bear,1,32,309,390
bear1491.jpg,500,333,bear,42,71,413,305
bear1315.jpg,246,370,bear,1,3,202,370
bear978.jpg,500,333,bear,210,94,435,199
bear1259.jpg,500,375,bear,48,129,278,288
bear1540.jpg,375,500,bear,8,43,375,499
bear793.jpg,500,333,bear,176,140,438,333
bear793.jpg,500,333,bear,38,25,293,236
bear805.jpg,333,500,bear,31,6,333,458
bear435.jpg,500,336,bear,208,98,355,233
bear435.jpg,500,336,bear,135,93,267,225
bear111.jpg,500,333,bear,152,1,426,326
bear111.jpg,500,333,bear,1,112,209,280
bear1395.jpg,500,375,bear,100,1,500,372
bear487.jpg,120,81,bear,46,19,88,56
bear1051.jpg,468,312,bear,68,28,269,289
bear1612.jpg,500,375,bear,1,1,494,349
bear1069.jpg,500,375,bear,74,75,395,337
bear124.jpg,500,375,bear,137,75,496,225
bear113.jpg,640,436,bear,30,29,586,436
bear113.jpg,640,436,bear,208,276,456,430
bear1175.jpg,500,333,bear,76,1,453,330
bear1601.jpg,500,333,bear,54,52,408,333
bear129.jpg,500,375,bear,127,61,358,335
bear594.jpg,375,500,bear,1,20,342,473
bear594.jpg,375,500,bear,278,406,359,500
bear951.jpg,500,375,bear,80,53,362,375
bear247.jpg,447,500,bear,133,155,282,324
bear842.jpg,500,335,bear,55,104,247,317
bear1315.jpg,246,370,bear,1,3,202,370
bear260.jpg,500,333,bear,153,92,447,279
bear112.jpg,500,500,bear,32,1,496,488
bear1355.jpg,500,342,bear,48,98,407,242
bear866.jpg,530,325,bear,259,112,380,194
bear1144.jpg,500,333,bear,11,29,434,333
bear525.jpg,500,333,bear,110,31,334,214
bear561.jpg,500,333,bear,117,16,495,331
bear1382.jpg,500,375,bear,24,70,500,342
bear1009.jpg,120,81,bear,39,22,84,70
bear1007.jpg,500,333,bear,35,22,359,332
bear918.jpg,500,375,bear,76,85,470,303
bear962.jpg,500,332,bear,66,61,453,249
bear962.jpg,500,332,bear,204,165,312,241
bear1095.jpg,82,120,bear,10,30,80,106
bear1264.jpg,333,500,bear,41,25,326,494
bear1215.jpg,500,333,bear,19,25,500,331
bear1490.jpg,500,375,bear,177,48,500,351
bear1205.jpg,427,500,bear,33,50,427,493
bear768.jpg,500,375,bear,91,80,433,294
bear1235.jpg,375,500,bear,38,44,342,480
bear1550.jpg,500,375,bear,47,20,500,373
bear1130.jpg,500,333,bear,81,12,466,333
bear1024.jpg,375,500,bear,61,126,326,448
bear87.jpg,459,500,bear,64,36,459,500
bear1646.jpg,500,327,bear,4,45,431,327
bear800.jpg,334,500,bear,1,20,326,500
bear1022.jpg,250,307,bear,1,14,208,236
bear750.jpg,500,333,bear,79,12,358,299
bear1473.jpg,500,337,bear,88,88,284,285
bear724.jpg,216,144,bear,1,1,156,142
bear1328.jpg,800,600,bear,24,102,751,564
bear189.jpg,500,333,bear,50,92,439,283
bear699.jpg,500,398,bear,62,9,480,390
bear629.jpg,500,375,bear,157,31,345,375
bear879.jpg,400,500,bear,14,9,375,483
bear1050.jpg,333,500,bear,52,99,216,438
bear993.jpg,375,500,bear,1,1,375,497
bear425.jpg,500,399,bear,152,8,467,399
bear1109.jpg,333,500,bear,1,11,326,497
bear828.jpg,216,144,bear,74,17,177,140
bear828.jpg,216,144,bear,21,19,120,134
bear665.jpg,400,500,bear,1,47,322,478
bear768.jpg,500,375,bear,91,80,433,294
bear149.jpg,468,312,bear,215,99,432,282
bear390.jpg,500,375,bear,50,56,500,375
bear121.jpg,333,500,bear,21,6,333,447
bear1300.jpg,500,375,bear,21,25,287,351
bear1300.jpg,500,375,bear,219,90,419,298
bear623.jpg,500,375,bear,151,21,500,354
bear1227.jpg,216,144,bear,1,1,153,121
bear396.jpg,500,375,bear,134,82,313,265
bear546.jpg,500,375,bear,194,128,433,319
bear70.jpg,375,500,bear,123,189,220,367
bear1626.jpg,800,450,bear,209,31,535,287
bear1626.jpg,800,450,bear,392,174,631,431
bear815.jpg,422,500,bear,2,45,418,500
bear423.jpg,500,500,bear,55,1,500,483
bear1439.jpg,413,500,bear,11,1,413,489
bear173.jpg,468,312,bear,23,28,439,258
bear860.jpg,403,500,bear,1,35,402,500
bear1393.jpg,144,216,bear,48,108,104,198
bear1034.jpg,401,500,bear,8,9,348,484
bear286.jpg,500,375,bear,83,80,361,295
bear826.jpg,468,312,bear,38,105,290,293
bear1306.jpg,468,312,bear,1,20,415,308
bear1431.jpg,384,250,bear,40,26,273,250
bear1431.jpg,384,250,bear,182,86,384,249
bear642.jpg,354,251,bear,3,1,350,236
bear734.jpg,500,336,bear,242,172,500,297
bear734.jpg,500,336,bear,70,211,318,292
bear870.jpg,500,333,bear,104,44,333,175
bear183.jpg,500,333,bear,2,18,500,331
bear1391.jpg,333,500,bear,55,1,333,476
bear908.jpg,500,333,bear,1,11,231,316
bear908.jpg,500,333,bear,217,68,499,333
bear1638.jpg,500,333,bear,33,1,477,333
bear466.jpg,500,426,bear,21,18,481,403
bear535.jpg,246,370,bear,43,106,212,345
bear531.jpg,500,288,bear,147,50,260,257
bear1523.jpg,470,313,bear,44,138,146,240
bear1523.jpg,470,313,bear,131,142,217,227
bear1523.jpg,470,313,bear,191,129,286,226
bear437.jpg,800,600,bear,224,325,398,531
bear437.jpg,800,600,bear,94,248,566,535
bear1197.jpg,375,500,bear,82,112,270,500
bear902.jpg,500,333,bear,146,225,272,287
bear902.jpg,500,333,bear,116,210,227,288
bear516.jpg,500,333,bear,207,36,488,288
bear1654.jpg,399,261,bear,31,14,238,253
bear708.jpg,379,500,bear,11,21,368,480
bear1036.jpg,500,447,bear,10,19,497,426
bear418.jpg,500,333,bear,1,1,388,282
bear878.jpg,500,375,bear,56,14,500,375
bear155.jpg,500,375,bear,1,1,325,370
bear393.jpg,500,375,bear,1,56,330,333
bear393.jpg,500,375,bear,302,59,500,299
bear59.jpg,500,375,bear,87,110,403,323
bear1095.jpg,82,120,bear,10,30,80,106
bear641.jpg,500,375,bear,56,85,440,375
bear1233.jpg,333,500,bear,1,64,294,486
bear1123.jpg,500,400,bear,38,44,431,385
bear630.jpg,500,333,bear,1,1,489,331
bear736.jpg,500,375,bear,68,98,366,320
bear105.jpg,500,333,bear,119,95,462,298
bear105.jpg,500,333,bear,336,3,425,79
bear1633.jpg,80,120,bear,8,28,72,120
bear570.jpg,500,333,bear,4,8,455,333
bear351.jpg,500,375,bear,258,45,494,314
bear346.jpg,500,375,bear,136,138,433,322
bear701.jpg,500,333,bear,124,79,466,307
bear907.jpg,500,336,bear,118,106,351,304
bear1196.jpg,500,375,bear,44,57,369,244
bear1318.jpg,500,400,bear,22,42,398,356
bear319.jpg,500,375,bear,190,176,324,256
bear768.jpg,500,375,bear,91,80,433,294
bear449.jpg,375,500,bear,17,113,374,499
bear103.jpg,500,333,bear,204,141,324,269
bear103.jpg,500,333,bear,281,89,375,276
bear698.jpg,500,333,bear,167,34,341,265
bear1440.jpg,333,500,bear,3,8,324,500
bear476.jpg,500,335,bear,207,40,331,307
bear688.jpg,500,333,bear,135,128,301,324
bear688.jpg,500,333,bear,218,84,467,328
bear1311.jpg,500,409,bear,22,32,382,384
bear1593.jpg,500,333,bear,246,113,358,286
bear421.jpg,500,399,bear,114,53,374,399
bear1390.jpg,500,380,bear,7,42,156,356
bear212.jpg,468,311,bear,47,108,216,273
bear770.jpg,500,375,bear,152,113,329,291
bear316.jpg,500,346,bear,172,61,380,310
bear220.jpg,192,125,bear,34,31,86,107
bear220.jpg,192,125,bear,84,13,192,107
bear1238.jpg,384,251,bear,194,83,314,139
bear444.jpg,500,375,bear,12,89,333,331
bear337.jpg,500,375,bear,94,63,500,271
bear981.jpg,500,333,bear,174,88,299,224
bear1659.jpg,114,153,bear,1,1,103,74
bear1659.jpg,114,153,bear,1,78,68,153
bear1659.jpg,114,153,bear,59,115,114,153
bear618.jpg,500,333,bear,1,43,411,333
bear870.jpg,500,333,bear,104,44,333,175
bear1385.jpg,640,480,bear,144,215,221,281
bear1385.jpg,640,480,bear,209,204,280,277
bear1385.jpg,640,480,bear,291,260,485,423
bear1385.jpg,640,480,bear,406,223,463,300
bear1385.jpg,640,480,bear,462,251,515,307
bear1385.jpg,640,480,bear,460,310,563,404
bear1385.jpg,640,480,bear,550,96,595,144
bear1385.jpg,640,480,bear,437,101,473,134
bear1385.jpg,640,480,bear,412,59,444,87
bear1385.jpg,640,480,bear,279,39,303,66
bear1477.jpg,333,500,bear,77,259,239,443
bear1477.jpg,333,500,bear,229,340,287,432
bear1477.jpg,333,500,bear,133,218,186,289
bear745.jpg,500,375,bear,187,171,259,310
bear745.jpg,500,375,bear,194,142,269,229
bear164.jpg,468,312,bear,32,18,468,307
bear387.jpg,333,500,bear,11,26,322,429
bear9.jpg,216,144,bear,103,68,178,115
bear9.jpg,216,144,bear,59,51,132,113
bear57.jpg,500,329,bear,1,2,321,328
bear57.jpg,500,329,bear,117,1,497,325
bear471.jpg,278,296,bear,1,57,240,294
bear1492.jpg,500,333,bear,19,193,199,272
bear1492.jpg,500,333,bear,271,175,364,263
bear661.jpg,216,144,bear,33,14,198,137
bear814.jpg,800,600,bear,65,214,348,460
bear814.jpg,800,600,bear,422,218,621,358
bear511.jpg,682,513,bear,1,21,647,512
bear283.jpg,500,401,bear,98,13,479,383
bear1179.jpg,500,333,bear,3,1,497,332
bear790.jpg,500,333,bear,96,19,417,305
bear10.jpg,398,500,bear,23,7,383,500
bear14.jpg,500,333,bear,1,7,422,326
bear1431.jpg,384,250,bear,40,26,273,250
bear1431.jpg,384,250,bear,182,86,384,249
bear1291.jpg,400,500,bear,2,1,398,494
bear993.jpg,375,500,bear,1,1,375,497
bear1041.jpg,500,375,bear,1,87,435,371
bear742.jpg,500,333,bear,17,81,324,308
bear1441.jpg,468,311,bear,59,118,232,268
bear122.jpg,500,481,bear,83,230,476,471
bear122.jpg,500,481,bear,24,32,298,207
bear122.jpg,500,481,bear,80,122,315,296
bear1099.jpg,500,333,bear,120,17,426,316
bear1099.jpg,500,333,bear,45,148,181,314
bear261.jpg,400,300,bear,175,5,392,289
bear261.jpg,400,300,bear,1,66,200,287
bear551.jpg,500,375,bear,1,1,373,268
bear1186.jpg,500,375,bear,149,139,294,331
bear985.jpg,200,279,bear,1,9,172,252
bear985.jpg,200,279,bear,24,67,198,274
bear531.jpg,500,288,bear,147,50,260,257
bear1613.jpg,500,333,bear,153,60,500,333
bear383.jpg,500,289,bear,155,72,379,201
bear1323.jpg,500,399,bear,40,19,481,398
bear48.jpg,333,500,bear,45,166,333,400
bear850.jpg,500,333,bear,146,13,500,323
bear1113.jpg,500,400,bear,81,42,426,389
bear1007.jpg,500,333,bear,35,22,359,332
bear567.jpg,263,223,bear,42,38,208,168
bear763.jpg,500,333,bear,54,34,428,301
bear240.jpg,120,80,bear,27,9,109,80
bear827.jpg,500,333,bear,161,14,435,315
bear1580.jpg,525,768,bear,1,156,513,758
bear1152.jpg,500,333,bear,14,2,480,333
bear104.jpg,800,450,bear,41,21,580,442
bear574.jpg,81,120,bear,12,19,62,112
bear778.jpg,500,357,bear,137,93,345,333
bear526.jpg,500,375,bear,149,200,296,274
bear526.jpg,500,375,bear,265,182,337,271
bear526.jpg,500,375,bear,337,229,435,268
bear819.jpg,500,333,bear,16,28,500,322
bear600.jpg,500,333,bear,115,71,424,292
bear1580.jpg,525,768,bear,1,156,513,758
bear576.jpg,500,375,bear,87,53,498,375
bear299.jpg,500,333,bear,1,11,443,333
bear430.jpg,500,333,bear,83,22,500,319
bear1058.jpg,333,500,bear,6,93,287,500
bear283.jpg,500,401,bear,98,13,479,383
bear209.jpg,500,334,bear,82,1,500,332
bear1024.jpg,375,500,bear,61,126,326,448
bear311.jpg,500,375,bear,139,107,348,301
bear1185.jpg,500,333,bear,1,42,348,281
bear1030.jpg,500,375,bear,212,204,264,241
bear908.jpg,500,333,bear,1,11,231,316
bear908.jpg,500,333,bear,217,68,499,333
bear423.jpg,500,500,bear,55,1,500,483
bear1295.jpg,333,500,bear,65,53,279,378
bear1295.jpg,333,500,bear,6,174,84,293
bear1295.jpg,333,500,bear,37,339,112,452
bear1295.jpg,333,500,bear,195,362,300,484
bear1295.jpg,333,500,bear,251,214,330,337
bear1295.jpg,333,500,bear,257,20,318,108
bear1295.jpg,333,500,bear,20,6,98,72
bear425.jpg,500,399,bear,152,8,467,399
bear1432.jpg,500,333,bear,63,54,411,316
bear775.jpg,500,333,bear,1,1,437,331
bear906.jpg,500,375,bear,99,117,429,369
bear1034.jpg,401,500,bear,8,9,348,484
bear1442.jpg,457,500,bear,5,7,445,490
bear1346.jpg,500,375,bear,1,58,349,373
bear1304.jpg,333,500,bear,1,1,328,496
bear505.jpg,333,500,bear,1,15,332,500
bear227.jpg,500,375,bear,154,51,400,375
bear624.jpg,500,333,bear,89,4,411,246
bear238.jpg,333,500,bear,45,51,297,471
bear297.jpg,500,373,bear,337,187,494,373
bear1172.jpg,500,333,bear,135,52,404,288
bear812.jpg,500,333,bear,70,50,498,304
bear1309.jpg,500,356,bear,96,41,342,327
bear1165.jpg,333,500,bear,7,1,330,500
bear1386.jpg,500,375,bear,2,12,496,375
bear1630.jpg,130,78,bear,63,11,122,55
bear582.jpg,500,338,bear,97,27,328,312
bear70.jpg,375,500,bear,123,189,220,367
bear760.jpg,500,333,bear,91,30,466,221
bear1016.jpg,500,338,bear,173,204,207,225
bear735.jpg,500,426,bear,17,5,397,426
bear923.jpg,500,333,bear,116,62,329,286
bear1152.jpg,500,333,bear,14,2,480,333
bear1687.jpg,229,172,bear,46,40,196,138
bear1294.jpg,500,293,bear,105,140,257,221
bear1294.jpg,500,293,bear,247,129,375,239
bear160.jpg,61,61,bear,5,2,57,61
bear1636.jpg,120,81,bear,18,6,107,77
bear308.jpg,500,375,bear,58,87,325,270
bear1266.jpg,350,263,bear,220,119,334,207
bear1603.jpg,500,375,bear,134,1,327,364
bear712.jpg,500,333,bear,67,8,465,326
bear1424.jpg,500,399,bear,59,8,499,396
bear68.jpg,175,125,bear,76,82,98,110
bear68.jpg,175,125,bear,8,54,37,75
bear68.jpg,175,125,bear,104,66,130,83
bear68.jpg,175,125,bear,123,84,158,107
bear68.jpg,175,125,bear,134,41,161,62
bear68.jpg,175,125,bear,38,35,62,59
bear68.jpg,175,125,bear,67,40,89,52
bear483.jpg,500,333,bear,79,21,500,333
bear875.jpg,240,186,bear,10,11,130,168
bear875.jpg,240,186,bear,111,58,226,179
bear1502.jpg,500,333,bear,1,1,355,312
bear1399.jpg,500,334,bear,95,21,500,330
bear1011.jpg,468,312,bear,26,105,275,287
bear1509.jpg,144,216,bear,2,93,125,187
bear1121.jpg,500,333,bear,147,145,292,246
bear1175.jpg,500,333,bear,76,1,453,330
bear483.jpg,500,333,bear,79,21,500,333
bear130.jpg,700,606,bear,72,92,635,493
bear856.jpg,144,216,bear,11,36,130,174
bear583.jpg,500,333,bear,1,15,421,333
bear580.jpg,260,158,bear,60,29,202,132
bear599.jpg,448,336,bear,150,4,438,315
bear599.jpg,448,336,bear,1,92,341,336
bear736.jpg,500,375,bear,68,98,366,320
bear421.jpg,500,399,bear,114,53,374,399
bear550.jpg,216,144,bear,10,9,141,103
bear749.jpg,500,333,bear,52,106,260,275
bear749.jpg,500,333,bear,243,96,462,268
bear49.jpg,500,333,bear,68,87,153,202
bear49.jpg,500,333,bear,311,79,422,223
bear1627.jpg,500,333,bear,1,1,490,264
bear522.jpg,500,333,bear,148,43,304,213
bear435.jpg,500,336,bear,208,98,355,233
bear435.jpg,500,336,bear,135,93,267,225
bear104.jpg,800,450,bear,41,21,580,442
bear733.jpg,364,500,bear,12,25,364,464
bear733.jpg,364,500,bear,1,33,223,414
bear1624.jpg,500,333,bear,10,6,479,321
bear1502.jpg,500,333,bear,1,1,355,312
bear627.jpg,299,300,bear,17,6,277,285
bear237.jpg,500,333,bear,1,2,495,332
bear110.jpg,500,342,bear,37,17,500,341
bear1220.jpg,468,311,bear,17,31,415,265
bear1532.jpg,500,333,bear,3,37,431,333
bear678.jpg,500,375,bear,1,35,425,290
bear880.jpg,367,500,bear,120,170,248,382
bear716.jpg,333,500,bear,25,102,330,416
bear366.jpg,500,333,bear,42,1,500,299
bear705.jpg,500,333,bear,8,4,499,329
bear239.jpg,373,500,bear,107,139,242,293
bear395.jpg,500,355,bear,59,54,331,333
bear391.jpg,500,375,bear,41,65,500,375
bear701.jpg,500,333,bear,124,79,466,307
bear1146.jpg,500,333,bear,45,90,420,212
bear1030.jpg,500,375,bear,212,204,264,241
bear676.jpg,500,338,bear,163,49,467,244
bear221.jpg,500,333,bear,79,1,500,318
bear1347.jpg,333,500,bear,45,71,324,393
bear1540.jpg,375,500,bear,8,43,375,499
bear1367.jpg,500,414,bear,1,5,430,401
bear869.jpg,500,323,bear,1,98,139,299
bear869.jpg,500,323,bear,162,74,313,268
bear869.jpg,500,323,bear,73,9,499,261
bear141.jpg,443,500,bear,1,33,391,465
bear262.jpg,500,333,bear,158,13,454,258
bear1195.jpg,500,335,bear,38,28,224,322
bear1195.jpg,500,335,bear,204,101,383,335
bear15.jpg,216,144,bear,60,30,147,88
bear457.jpg,400,500,bear,1,1,386,459
bear1296.jpg,400,500,bear,1,13,395,499
bear363.jpg,500,333,bear,154,19,500,325
bear363.jpg,500,333,bear,1,117,137,309
bear1361.jpg,500,405,bear,43,96,461,341
bear1533.jpg,343,500,bear,21,38,319,500
bear1533.jpg,343,500,bear,108,200,325,500
bear545.jpg,500,333,bear,86,81,358,333
bear1105.jpg,500,298,bear,94,90,492,290
bear1105.jpg,500,298,bear,220,17,441,194
bear1105.jpg,500,298,bear,1,53,196,148
bear641.jpg,500,375,bear,56,85,440,375
bear1459.jpg,500,375,bear,122,119,344,300
bear1069.jpg,500,375,bear,74,75,395,337
bear1003.jpg,445,500,bear,16,20,439,499
bear417.jpg,500,333,bear,85,88,313,250
bear120.jpg,500,333,bear,1,1,209,281
bear120.jpg,500,333,bear,11,1,459,275
bear550.jpg,216,144,bear,10,9,141,103
bear1585.jpg,399,500,bear,9,16,394,476
bear667.jpg,800,600,bear,1,211,358,548
bear667.jpg,800,600,bear,313,9,797,549
bear520.jpg,500,375,bear,17,144,370,284
bear1116.jpg,500,333,bear,157,186,235,234
bear1116.jpg,500,333,bear,300,204,340,229
bear1116.jpg,500,333,bear,333,204,368,224
bear1116.jpg,500,333,bear,389,204,429,227
bear1437.jpg,500,378,bear,265,106,462,274
bear400.jpg,500,375,bear,38,1,500,374
bear1264.jpg,333,500,bear,41,25,326,494
bear1095.jpg,82,120,bear,10,30,80,106
bear279.jpg,500,333,bear,2,40,423,333
bear975.jpg,500,281,bear,120,33,427,242
bear207.jpg,500,400,bear,251,52,500,398
bear207.jpg,500,400,bear,1,138,310,398
bear1266.jpg,350,263,bear,220,119,334,207
bear783.jpg,466,500,bear,16,9,450,443
bear388.jpg,399,500,bear,28,66,399,500
bear1409.jpg,500,361,bear,1,39,500,361
bear1296.jpg,400,500,bear,1,13,395,499
bear730.jpg,500,500,bear,21,33,500,500
bear1080.jpg,500,365,bear,110,172,222,237
bear1080.jpg,500,365,bear,300,152,363,245
bear1080.jpg,500,365,bear,374,194,413,252
bear666.jpg,500,375,bear,51,58,500,337
bear533.jpg,468,312,bear,100,8,342,294
bear1355.jpg,500,342,bear,48,98,407,242
bear243.jpg,500,400,bear,1,6,463,391
bear980.jpg,338,500,bear,48,170,273,480
bear929.jpg,500,333,bear,123,18,465,309
bear21.jpg,500,244,bear,111,33,432,184
bear21.jpg,500,244,bear,241,52,311,168
bear21.jpg,500,244,bear,13,92,117,160
bear1566.jpg,500,333,bear,1,58,333,330
bear1383.jpg,500,400,bear,63,45,393,374
bear1052.jpg,362,500,bear,43,14,336,463
bear1672.jpg,375,500,bear,224,22,335,230
bear1672.jpg,375,500,bear,88,17,132,64
bear372.jpg,500,334,bear,51,14,448,313
bear145.jpg,375,500,bear,130,54,375,459
bear927.jpg,144,216,bear,1,1,141,214
bear649.jpg,500,338,bear,270,65,434,175
bear1660.jpg,591,426,bear,43,14,545,417
bear844.jpg,500,357,bear,1,1,334,353
bear1128.jpg,323,381,bear,1,1,323,376
bear574.jpg,81,120,bear,12,19,62,112
bear1390.jpg,500,380,bear,7,42,156,356
bear1322.jpg,500,400,bear,11,124,497,344
bear206.jpg,500,375,bear,114,84,389,284
bear1631.jpg,399,500,bear,14,119,392,498
bear1370.jpg,500,364,bear,1,61,244,363
bear1370.jpg,500,364,bear,157,4,478,364
bear1344.jpg,500,333,bear,99,81,276,293
bear1344.jpg,500,333,bear,184,184,397,300
bear43.jpg,500,356,bear,171,145,295,284
bear1111.jpg,358,500,bear,42,189,309,348
bear70.jpg,375,500,bear,123,189,220,367
bear1342.jpg,800,534,bear,214,279,630,512
bear902.jpg,500,333,bear,146,225,272,287
bear902.jpg,500,333,bear,116,210,227,288
bear1543.jpg,333,500,bear,1,75,281,481
bear1262.jpg,500,375,bear,50,59,361,318
bear1181.jpg,500,338,bear,41,68,445,312
bear1171.jpg,500,333,bear,115,125,301,253
bear604.jpg,357,500,bear,6,52,349,500
bear697.jpg,246,370,bear,26,61,204,338
bear857.jpg,500,333,bear,120,174,336,282
bear957.jpg,333,500,bear,1,20,290,500
bear1603.jpg,500,375,bear,134,1,327,364
bear1168.jpg,500,336,bear,147,123,485,194
bear804.jpg,500,468,bear,113,60,408,377
bear220.jpg,192,125,bear,34,31,86,107
bear220.jpg,192,125,bear,84,13,192,107
bear1358.jpg,500,375,bear,46,51,382,249
bear1064.jpg,500,281,bear,45,3,498,281
bear721.jpg,500,333,bear,46,21,499,333
bear1526.jpg,446,500,bear,50,84,328,415
bear435.jpg,500,336,bear,208,98,355,233
bear435.jpg,500,336,bear,135,93,267,225
bear418.jpg,500,333,bear,1,1,388,282
bear655.jpg,500,375,bear,102,161,256,245
bear655.jpg,500,375,bear,237,146,333,254
bear1200.jpg,333,500,bear,3,1,333,496
bear79.jpg,500,336,bear,1,1,435,334
bear1161.jpg,252,319,bear,9,5,252,316
bear561.jpg,500,333,bear,117,16,495,331
bear301.jpg,120,79,bear,46,25,66,75
bear1141.jpg,500,331,bear,1,29,276,329
bear1141.jpg,500,331,bear,222,3,498,301
bear682.jpg,500,375,bear,14,55,455,375
bear1443.jpg,400,300,bear,135,64,400,253
bear507.jpg,500,375,bear,97,91,290,233
bear507.jpg,500,375,bear,321,245,457,312
bear507.jpg,500,375,bear,376,191,446,302
bear1333.jpg,500,333,bear,11,1,397,323
bear904.jpg,399,500,bear,30,43,394,493
bear476.jpg,500,335,bear,207,40,331,307
bear950.jpg,495,500,bear,128,37,394,466
bear950.jpg,495,500,bear,71,389,340,500
bear1174.jpg,140,140,bear,28,42,92,132
bear108.jpg,500,600,bear,16,1,357,462
bear659.jpg,333,500,bear,93,115,231,413
bear1486.jpg,359,450,bear,51,38,359,412
bear1486.jpg,359,450,bear,16,165,271,405
bear392.jpg,144,216,bear,13,42,144,188
bear594.jpg,375,500,bear,1,20,342,473
bear594.jpg,375,500,bear,278,406,359,500
bear290.jpg,500,333,bear,71,46,433,288
bear853.jpg,500,375,bear,78,1,315,300
bear1497.jpg,800,600,bear,222,1,798,571
bear883.jpg,500,333,bear,24,4,412,319
bear697.jpg,246,370,bear,26,61,204,338
bear1678.jpg,280,420,bear,22,9,270,282
bear1217.jpg,500,333,bear,2,5,449,333
bear862.jpg,362,450,bear,80,252,205,418
bear862.jpg,362,450,bear,166,232,294,415
bear862.jpg,362,450,bear,50,72,362,426
bear6.jpg,750,501,bear,36,26,739,471
bear1479.jpg,500,333,bear,103,76,362,333
bear251.jpg,500,375,bear,53,76,456,292
bear721.jpg,500,333,bear,46,21,499,333
bear291.jpg,333,500,bear,83,52,235,309
bear757.jpg,352,500,bear,95,141,342,305
bear1253.jpg,468,312,bear,185,52,442,292
bear1026.jpg,335,500,bear,115,129,236,180
bear1180.jpg,500,333,bear,3,5,479,333
bear1508.jpg,500,333,bear,24,46,495,263
bear1247.jpg,500,375,bear,153,73,350,285
bear52.jpg,500,375,bear,153,119,337,301
bear986.jpg,333,500,bear,88,143,267,454
bear1203.jpg,500,333,bear,1,2,500,317
bear859.jpg,500,333,bear,28,92,305,314
bear120.jpg,500,333,bear,1,1,209,281
bear120.jpg,500,333,bear,11,1,459,275
bear472.jpg,500,375,bear,21,225,280,338
bear472.jpg,500,375,bear,274,42,500,262
bear734.jpg,500,336,bear,242,172,500,297
bear734.jpg,500,336,bear,70,211,318,292
bear67.jpg,375,500,bear,10,87,365,288
bear268.jpg,500,336,bear,53,51,463,316
bear1021.jpg,559,567,bear,68,203,240,510
bear1021.jpg,559,567,bear,265,440,320,501
bear1021.jpg,559,567,bear,372,428,437,501
bear1021.jpg,559,567,bear,485,432,540,508
bear572.jpg,500,334,bear,11,65,367,334
bear572.jpg,500,334,bear,382,1,500,219
bear1029.jpg,500,337,bear,1,81,368,313
bear1029.jpg,500,337,bear,218,39,478,138
bear1040.jpg,500,335,bear,153,65,380,286
bear1188.jpg,333,500,bear,57,80,296,481
bear998.jpg,500,375,bear,133,93,500,269
bear14.jpg,500,333,bear,1,7,422,326
bear683.jpg,500,364,bear,150,130,348,336
bear1435.jpg,500,336,bear,77,9,365,316
bear122.jpg,500,481,bear,83,230,476,471
bear122.jpg,500,481,bear,24,32,298,207
bear122.jpg,500,481,bear,80,122,315,296
bear404.jpg,500,375,bear,1,164,403,360
bear25.jpg,500,375,bear,153,117,330,266
bear256.jpg,500,332,bear,199,123,285,193
bear86.jpg,216,144,bear,43,13,159,124
bear1083.jpg,500,333,bear,1,1,477,329
bear232.jpg,500,375,bear,1,45,465,338
bear58.jpg,500,333,bear,65,75,359,267
bear863.jpg,500,375,bear,33,6,350,284
bear511.jpg,682,513,bear,1,21,647,512
bear1353.jpg,500,375,bear,190,87,500,303
bear1580.jpg,525,768,bear,1,156,513,758
bear1641.jpg,500,375,bear,34,65,212,353
bear167.jpg,500,375,bear,56,72,406,349
bear568.jpg,468,312,bear,33,38,340,292
bear674.jpg,500,339,bear,3,1,500,336
bear1500.jpg,500,326,bear,263,78,470,250
bear1500.jpg,500,326,bear,2,93,260,289
bear1500.jpg,500,326,bear,1,39,127,213
bear1587.jpg,468,312,bear,82,19,319,294
bear1203.jpg,500,333,bear,1,2,500,317
bear1543.jpg,333,500,bear,1,75,281,481
bear774.jpg,398,500,bear,1,39,396,499
bear1268.jpg,500,333,bear,191,80,465,278
bear1484.jpg,500,333,bear,47,111,346,333
bear912.jpg,401,500,bear,1,1,329,424
bear162.jpg,500,375,bear,17,25,326,364
bear162.jpg,500,375,bear,331,131,453,232
bear162.jpg,500,375,bear,381,13,486,124
bear162.jpg,500,375,bear,400,253,486,339
bear1265.jpg,375,500,bear,56,117,309,467
bear995.jpg,68,100,bear,10,4,51,93
bear1644.jpg,500,376,bear,14,85,236,301
bear1644.jpg,500,376,bear,209,55,500,294
bear171.jpg,120,80,bear,3,13,96,80
bear183.jpg,500,333,bear,2,18,500,331
bear232.jpg,500,375,bear,1,45,465,338
bear1641.jpg,500,375,bear,34,65,212,353
bear52.jpg,500,375,bear,153,119,337,301
bear1370.jpg,500,364,bear,1,61,244,363
bear1370.jpg,500,364,bear,157,4,478,364
bear532.jpg,500,333,bear,173,86,304,232
bear870.jpg,500,333,bear,104,44,333,175
bear190.jpg,500,409,bear,103,87,373,268
bear915.jpg,500,401,bear,74,84,379,326
bear1094.jpg,144,216,bear,1,45,139,181
bear672.jpg,500,401,bear,70,16,500,401
bear1100.jpg,500,333,bear,74,16,354,204
bear829.jpg,216,300,bear,15,8,212,300
bear976.jpg,500,333,bear,30,96,469,227
bear1047.jpg,500,333,bear,144,1,448,333
bear274.jpg,500,333,bear,68,98,442,211
bear1523.jpg,470,313,bear,44,138,146,240
bear1523.jpg,470,313,bear,131,142,217,227
bear1523.jpg,470,313,bear,191,129,286,226
bear572.jpg,500,334,bear,11,65,367,334
bear572.jpg,500,334,bear,382,1,500,219
bear550.jpg,216,144,bear,10,9,141,103
bear1016.jpg,500,338,bear,173,204,207,225
bear976.jpg,500,333,bear,30,96,469,227
bear1607.jpg,500,375,bear,118,1,497,375
bear218.jpg,500,390,bear,163,138,320,265
bear653.jpg,500,333,bear,99,37,301,245
bear283.jpg,500,401,bear,98,13,479,383
bear734.jpg,500,336,bear,242,172,500,297
bear734.jpg,500,336,bear,70,211,318,292
bear1473.jpg,500,337,bear,88,88,284,285
bear979.jpg,500,376,bear,118,86,405,290
bear168.jpg,500,333,bear,1,86,381,296
bear1368.jpg,144,216,bear,1,17,86,137
bear1383.jpg,500,400,bear,63,45,393,374
bear1506.jpg,500,333,bear,26,1,330,332
bear1675.jpg,500,375,bear,172,56,446,370
bear550.jpg,216,144,bear,10,9,141,103
bear1226.jpg,500,333,bear,96,17,500,332
bear823.jpg,500,333,bear,38,16,497,326
bear1544.jpg,333,500,bear,2,46,331,500
bear453.jpg,333,500,bear,64,78,333,459
bear1415.jpg,334,500,bear,18,32,292,471
bear1497.jpg,800,600,bear,222,1,798,571
bear697.jpg,246,370,bear,26,61,204,338
bear936.jpg,500,333,bear,86,6,468,333
bear1444.jpg,332,381,bear,37,9,307,339
bear637.jpg,500,375,bear,1,66,353,355
bear1683.jpg,600,800,bear,148,146,542,663
bear1649.jpg,500,453,bear,1,21,419,449
bear1641.jpg,500,375,bear,34,65,212,353
bear78.jpg,500,423,bear,91,58,373,388
bear1222.jpg,500,375,bear,52,1,499,358
bear716.jpg,333,500,bear,25,102,330,416
bear1600.jpg,500,333,bear,34,46,488,300
bear0.jpg,500,375,bear,109,20,419,339
bear152.jpg,500,333,bear,34,10,491,333
bear1530.jpg,500,333,bear,62,133,500,230
bear553.jpg,500,333,bear,1,1,407,281
bear1105.jpg,500,298,bear,94,90,492,290
bear1105.jpg,500,298,bear,220,17,441,194
bear1105.jpg,500,298,bear,1,53,196,148
bear1550.jpg,500,375,bear,47,20,500,373
bear492.jpg,500,375,bear,62,179,418,276
bear758.jpg,486,500,bear,1,23,455,500
bear293.jpg,500,338,bear,160,1,499,282
bear1061.jpg,253,345,bear,24,71,235,229
bear1111.jpg,358,500,bear,42,189,309,348
bear382.jpg,333,500,bear,2,3,333,486
bear1643.jpg,500,375,bear,118,98,296,299
bear302.jpg,500,333,bear,73,16,424,319
bear497.jpg,500,333,bear,1,17,307,330
bear550.jpg,216,144,bear,10,9,141,103
bear1656.jpg,425,319,bear,125,36,410,212
bear558.jpg,500,484,bear,2,1,498,478
bear348.jpg,500,333,bear,61,82,474,206
bear995.jpg,68,100,bear,10,4,51,93
bear1572.jpg,500,332,bear,59,9,300,313
bear1399.jpg,500,334,bear,95,21,500,330
bear82.jpg,267,400,bear,14,84,263,329
bear1473.jpg,500,337,bear,88,88,284,285
bear1106.jpg,500,334,bear,74,24,484,297
bear411.jpg,500,338,bear,119,96,336,274
bear997.jpg,447,500,bear,122,152,284,395
bear1350.jpg,468,381,bear,75,138,178,304
bear1350.jpg,468,381,bear,154,66,311,347
bear1350.jpg,468,381,bear,316,58,468,306
bear675.jpg,500,333,bear,397,201,467,242
bear1077.jpg,468,312,bear,43,58,360,279
bear1295.jpg,333,500,bear,65,53,279,378
bear1295.jpg,333,500,bear,6,174,84,293
bear1295.jpg,333,500,bear,37,339,112,452
bear1295.jpg,333,500,bear,195,362,300,484
bear1295.jpg,333,500,bear,251,214,330,337
bear1295.jpg,333,500,bear,257,20,318,108
bear1295.jpg,333,500,bear,20,6,98,72
bear1674.jpg,400,254,bear,206,66,393,239
bear315.jpg,500,334,bear,97,45,391,311
bear172.jpg,500,332,bear,26,21,284,269
bear515.jpg,500,375,bear,1,53,377,373
bear144.jpg,500,333,bear,114,23,462,333
bear314.jpg,500,333,bear,7,1,499,333
bear1092.jpg,500,333,bear,284,187,387,267
bear1092.jpg,500,333,bear,320,164,368,272
bear1653.jpg,600,450,bear,134,225,418,423
bear1653.jpg,600,450,bear,314,188,407,250
bear316.jpg,500,346,bear,172,61,380,310
bear470.jpg,333,500,bear,1,1,333,473
bear390.jpg,500,375,bear,50,56,500,375
bear441.jpg,500,333,bear,71,1,500,328
bear1621.jpg,500,335,bear,1,89,326,278
bear172.jpg,500,332,bear,26,21,284,269
bear918.jpg,500,375,bear,76,85,470,303
bear604.jpg,357,500,bear,6,52,349,500
bear1435.jpg,500,336,bear,77,9,365,316
bear875.jpg,240,186,bear,10,11,130,168
bear875.jpg,240,186,bear,111,58,226,179
bear1210.jpg,500,333,bear,128,98,361,277
bear1210.jpg,500,333,bear,315,95,452,176
bear522.jpg,500,333,bear,148,43,304,213
bear1646.jpg,500,327,bear,4,45,431,327
bear484.jpg,399,500,bear,1,10,377,490
bear736.jpg,500,375,bear,68,98,366,320
bear1641.jpg,500,375,bear,34,65,212,353
bear740.jpg,500,375,bear,55,56,499,372
bear263.jpg,500,334,bear,290,25,500,332
bear263.jpg,500,334,bear,1,52,312,319
bear1633.jpg,80,120,bear,8,28,72,120
bear1184.jpg,448,336,bear,144,41,410,288
bear1163.jpg,500,333,bear,83,40,242,288
bear1163.jpg,500,333,bear,287,178,360,277
bear1163.jpg,500,333,bear,332,221,401,287
bear1163.jpg,500,333,bear,358,228,492,284
bear1202.jpg,144,216,bear,1,7,139,199
bear1482.jpg,216,144,bear,35,62,158,132
bear31.jpg,500,375,bear,67,10,500,375
bear47.jpg,500,333,bear,165,49,410,244
bear1065.jpg,500,375,bear,119,136,425,233
bear126.jpg,500,398,bear,1,36,260,304
bear126.jpg,500,398,bear,280,65,500,355
bear798.jpg,400,500,bear,14,51,400,489
bear1594.jpg,120,96,bear,3,16,62,79
bear1594.jpg,120,96,bear,32,18,118,91
bear1483.jpg,156,230,bear,1,1,147,222
bear142.jpg,500,333,bear,2,1,357,228
bear0.jpg,500,375,bear,109,20,419,339
bear558.jpg,500,484,bear,2,1,498,478
bear1548.jpg,310,201,bear,130,71,165,102
bear901.jpg,500,334,bear,227,133,450,272
bear901.jpg,500,334,bear,49,116,238,227
bear1631.jpg,399,500,bear,14,119,392,498
bear887.jpg,500,375,bear,8,63,423,309
bear961.jpg,500,333,bear,1,17,439,333
bear1175.jpg,500,333,bear,76,1,453,330
bear871.jpg,500,333,bear,126,120,500,295
bear871.jpg,500,333,bear,30,27,395,123
bear1200.jpg,333,500,bear,3,1,333,496
bear189.jpg,500,333,bear,50,92,439,283
bear531.jpg,500,288,bear,147,50,260,257
bear985.jpg,200,279,bear,1,9,172,252
bear985.jpg,200,279,bear,24,67,198,274
bear1530.jpg,500,333,bear,62,133,500,230
bear214.jpg,500,375,bear,163,112,329,220
bear120.jpg,500,333,bear,1,1,209,281
bear120.jpg,500,333,bear,11,1,459,275
bear1342.jpg,800,534,bear,214,279,630,512
bear1211.jpg,500,375,bear,121,44,357,178
bear1141.jpg,500,331,bear,1,29,276,329
bear1141.jpg,500,331,bear,222,3,498,301
bear1129.jpg,500,375,bear,3,1,407,332
bear318.jpg,333,500,bear,38,98,305,463
bear884.jpg,500,375,bear,102,1,499,375
bear1455.jpg,500,326,bear,217,111,316,233
bear1455.jpg,500,326,bear,204,144,238,224
bear4.jpg,301,396,bear,127,266,191,325
bear8.jpg,500,333,bear,1,1,477,306
bear1024.jpg,375,500,bear,61,126,326,448
bear1100.jpg,500,333,bear,74,16,354,204
bear251.jpg,500,375,bear,53,76,456,292
bear1378.jpg,500,342,bear,133,95,376,282
bear1063.jpg,500,333,bear,54,85,452,215
bear975.jpg,500,281,bear,120,33,427,242
bear996.jpg,500,375,bear,167,114,459,373
bear797.jpg,500,375,bear,114,65,355,329
bear724.jpg,216,144,bear,1,1,156,142
bear526.jpg,500,375,bear,149,200,296,274
bear526.jpg,500,375,bear,265,182,337,271
bear526.jpg,500,375,bear,337,229,435,268
bear721.jpg,500,333,bear,46,21,499,333
bear909.jpg,333,500,bear,59,78,284,478
bear503.jpg,500,336,bear,65,1,500,336
bear829.jpg,216,300,bear,15,8,212,300
bear1144.jpg,500,333,bear,11,29,434,333
bear1231.jpg,500,367,bear,4,1,438,354
bear1334.jpg,216,144,bear,17,12,121,78
bear675.jpg,500,333,bear,397,201,467,242
bear534.jpg,144,216,bear,25,58,127,183
bear314.jpg,500,333,bear,7,1,499,333
bear285.jpg,500,333,bear,90,16,403,312
bear904.jpg,399,500,bear,30,43,394,493
bear653.jpg,500,333,bear,99,37,301,245
bear37.jpg,500,333,bear,2,1,467,270
bear891.jpg,500,260,bear,245,35,453,236
bear891.jpg,500,260,bear,46,64,297,237
bear861.jpg,500,333,bear,22,1,451,332
bear417.jpg,500,333,bear,85,88,313,250
bear130.jpg,700,606,bear,72,92,635,493
bear143.jpg,500,337,bear,130,43,459,316
bear1251.jpg,500,333,bear,1,10,313,329
bear1251.jpg,500,333,bear,204,1,500,330
bear298.jpg,500,375,bear,25,1,499,373
bear388.jpg,399,500,bear,28,66,399,500
bear1259.jpg,500,375,bear,48,129,278,288
bear1509.jpg,144,216,bear,2,93,125,187
bear726.jpg,500,400,bear,90,87,495,370
bear1116.jpg,500,333,bear,157,186,235,234
bear1116.jpg,500,333,bear,300,204,340,229
bear1116.jpg,500,333,bear,333,204,368,224
bear1116.jpg,500,333,bear,389,204,429,227
bear24.jpg,144,216,bear,19,51,133,184
bear1581.jpg,439,330,bear,25,148,437,330
bear1326.jpg,375,500,bear,1,1,370,490
bear123.jpg,216,144,bear,1,1,142,106
bear1078.jpg,500,375,bear,6,95,354,374
bear329.jpg,500,392,bear,1,1,470,389
bear556.jpg,500,333,bear,161,90,479,300
bear32.jpg,500,333,bear,93,54,317,306
bear1609.jpg,500,333,bear,1,27,325,276
bear155.jpg,500,375,bear,1,1,325,370
bear1473.jpg,500,337,bear,88,88,284,285
bear588.jpg,375,500,bear,133,194,259,366
bear638.jpg,332,500,bear,6,49,316,393
bear599.jpg,448,336,bear,150,4,438,315
bear599.jpg,448,336,bear,1,92,341,336
bear1231.jpg,500,367,bear,4,1,438,354
bear1372.jpg,500,333,bear,45,22,457,316
bear980.jpg,338,500,bear,48,170,273,480
bear1187.jpg,300,300,bear,131,15,275,293
bear533.jpg,468,312,bear,100,8,342,294
bear979.jpg,500,376,bear,118,86,405,290
bear1087.jpg,500,333,bear,95,9,326,287
bear1159.jpg,500,465,bear,40,11,454,465
bear1410.jpg,427,500,bear,1,1,425,500
bear860.jpg,403,500,bear,1,35,402,500
bear363.jpg,500,333,bear,154,19,500,325
bear363.jpg,500,333,bear,1,117,137,309
bear491.jpg,500,500,bear,73,17,500,500
bear1384.jpg,144,216,bear,7,108,107,185
bear298.jpg,500,375,bear,25,1,499,373
bear104.jpg,800,450,bear,41,21,580,442
bear1685.jpg,200,214,bear,29,56,150,196
bear1086.jpg,320,240,bear,1,1,316,238
bear165.jpg,500,333,bear,201,87,403,266
bear1612.jpg,500,375,bear,1,1,494,349
bear618.jpg,500,333,bear,1,43,411,333
bear1296.jpg,400,500,bear,1,13,395,499
bear486.jpg,500,329,bear,178,85,242,128
bear486.jpg,500,329,bear,215,166,245,190
bear486.jpg,500,329,bear,255,157,282,181
bear486.jpg,500,329,bear,320,117,341,146
bear78.jpg,500,423,bear,91,58,373,388
bear283.jpg,500,401,bear,98,13,479,383
bear1514.jpg,500,333,bear,3,1,497,333
bear548.jpg,144,216,bear,15,33,137,204
bear1333.jpg,500,333,bear,11,1,397,323
bear977.jpg,216,144,bear,16,22,181,128
bear233.jpg,364,500,bear,9,1,364,493
bear707.jpg,500,333,bear,170,40,494,331
bear955.jpg,500,333,bear,168,72,495,333
bear12.jpg,500,333,bear,100,15,386,278
bear1320.jpg,500,333,bear,1,33,290,333
bear1320.jpg,500,333,bear,52,56,475,333
bear717.jpg,400,500,bear,2,28,397,343
bear372.jpg,500,334,bear,51,14,448,313
bear1366.jpg,500,424,bear,75,89,336,376
bear945.jpg,334,500,bear,1,2,319,486
bear87.jpg,459,500,bear,64,36,459,500
bear12.jpg,500,333,bear,100,15,386,278
bear1345.jpg,500,333,bear,38,35,366,323
bear103.jpg,500,333,bear,204,141,324,269
bear103.jpg,500,333,bear,281,89,375,276
bear1660.jpg,591,426,bear,43,14,545,417
bear54.jpg,500,333,bear,263,116,470,263
bear180.jpg,333,500,bear,11,43,307,467
bear966.jpg,200,278,bear,95,26,171,258
